campaign	arm	short	task	training_seed	checkpoint_path	checkpoint_cache_path	checkpoint_sha256	training_code_revision	training_asset_revision	accepted_training_manifest_sha256
fq4x8	F8	f8	Unitree-Z1-Hammer-CaT-Impulse-Event-Linear	8	/cephhome/eunikhilr/campaigns/fq4x8_9cc6359/unitree_rl_mjlab/logs/rsl_rl/z1_hammer/2026-07-27_20-36-18_fq4x8_f8_seed8/model_499.pt	2026-07-27_20-36-18_fq4x8_f8_seed8/model_499.pt	d67a42a164bc07be3d206e2893ce4f66d17a25c8c800f54f7cb5142985a202cb	9cc63599a54788703e2348019b27908718912377	b58ccd2f81fd246f27c1e8d88cf86484cd888703	fb55f214d6e0cb2da308e6580ef535d4823038bc8ab842a05ca4085ab346ec14
fq4x8	F8	f8	Unitree-Z1-Hammer-CaT-Impulse-Event-Linear	9	/cephhome/eunikhilr/campaigns/fq4x8_9cc6359/unitree_rl_mjlab/logs/rsl_rl/z1_hammer/2026-07-27_20-36-18_fq4x8_f8_seed9/model_499.pt	2026-07-27_20-36-18_fq4x8_f8_seed9/model_499.pt	5d945235ad0e1520be4a11581fa83bcc8df5d150170a66d26edf793d73098043	9cc63599a54788703e2348019b27908718912377	b58ccd2f81fd246f27c1e8d88cf86484cd888703	fb55f214d6e0cb2da308e6580ef535d4823038bc8ab842a05ca4085ab346ec14
fq4x8	F8	f8	Unitree-Z1-Hammer-CaT-Impulse-Event-Linear	10	/cephhome/eunikhilr/campaigns/fq4x8_9cc6359/unitree_rl_mjlab/logs/rsl_rl/z1_hammer/2026-07-27_20-36-22_fq4x8_f8_seed10/model_499.pt	2026-07-27_20-36-22_fq4x8_f8_seed10/model_499.pt	5c4ce05416a0eaf5d3ebcdc6cb1486b947f25f163551e02db3b9f64ea180f40e	9cc63599a54788703e2348019b27908718912377	b58ccd2f81fd246f27c1e8d88cf86484cd888703	fb55f214d6e0cb2da308e6580ef535d4823038bc8ab842a05ca4085ab346ec14
fq4x8	F8	f8	Unitree-Z1-Hammer-CaT-Impulse-Event-Linear	11	/cephhome/eunikhilr/campaigns/fq4x8_9cc6359/unitree_rl_mjlab/logs/rsl_rl/z1_hammer/2026-07-27_20-36-22_fq4x8_f8_seed11/model_499.pt	2026-07-27_20-36-22_fq4x8_f8_seed11/model_499.pt	b680de9a66c99d67245992519ace52ed20055760ebf913669994017289559666	9cc63599a54788703e2348019b27908718912377	b58ccd2f81fd246f27c1e8d88cf86484cd888703	fb55f214d6e0cb2da308e6580ef535d4823038bc8ab842a05ca4085ab346ec14
fq4x8	F8	f8	Unitree-Z1-Hammer-CaT-Impulse-Event-Linear	12	/cephhome/eunikhilr/campaigns/fq4x8_9cc6359/unitree_rl_mjlab/logs/rsl_rl/z1_hammer/2026-07-27_20-36-35_fq4x8_f8_seed12/model_499.pt	2026-07-27_20-36-35_fq4x8_f8_seed12/model_499.pt	0505866c014583990eabc7a284d05f6f6640487b4d326b07cc437ed621c68db3	9cc63599a54788703e2348019b27908718912377	b58ccd2f81fd246f27c1e8d88cf86484cd888703	fb55f214d6e0cb2da308e6580ef535d4823038bc8ab842a05ca4085ab346ec14
fq4x8	F8	f8	Unitree-Z1-Hammer-CaT-Impulse-Event-Linear	13	/cephhome/eunikhilr/campaigns/fq4x8_9cc6359/unitree_rl_mjlab/logs/rsl_rl/z1_hammer/2026-07-27_20-36-31_fq4x8_f8_seed13/model_499.pt	2026-07-27_20-36-31_fq4x8_f8_seed13/model_499.pt	c79091a77c51ee15dfcc88714e372794b7d0a18c1e0a79332be3a54db30f079c	9cc63599a54788703e2348019b27908718912377	b58ccd2f81fd246f27c1e8d88cf86484cd888703	fb55f214d6e0cb2da308e6580ef535d4823038bc8ab842a05ca4085ab346ec14
fq4x8	F8	f8	Unitree-Z1-Hammer-CaT-Impulse-Event-Linear	14	/cephhome/eunikhilr/campaigns/fq4x8_9cc6359/unitree_rl_mjlab/logs/rsl_rl/z1_hammer/2026-07-27_20-36-31_fq4x8_f8_seed14/model_499.pt	2026-07-27_20-36-31_fq4x8_f8_seed14/model_499.pt	844fbeb5a8be094797825b30672dbc32d19383e711eaebd58ead81e9aa361915	9cc63599a54788703e2348019b27908718912377	b58ccd2f81fd246f27c1e8d88cf86484cd888703	fb55f214d6e0cb2da308e6580ef535d4823038bc8ab842a05ca4085ab346ec14
fq4x8	F8	f8	Unitree-Z1-Hammer-CaT-Impulse-Event-Linear	15	/cephhome/eunikhilr/campaigns/fq4x8_9cc6359/unitree_rl_mjlab/logs/rsl_rl/z1_hammer/2026-07-27_20-36-35_fq4x8_f8_seed15/model_499.pt	2026-07-27_20-36-35_fq4x8_f8_seed15/model_499.pt	135994c9d3e5923cc5ac0317639892f69dc89e717d0bd10111e57a53236e3344	9cc63599a54788703e2348019b27908718912377	b58ccd2f81fd246f27c1e8d88cf86484cd888703	fb55f214d6e0cb2da308e6580ef535d4823038bc8ab842a05ca4085ab346ec14
fq4x8	F0	f0	Unitree-Z1-Hammer-CaT-Impulse-Event-Linear-F0	8	/cephhome/eunikhilr/campaigns/fq4x8_9cc6359/unitree_rl_mjlab/logs/rsl_rl/z1_hammer/2026-07-27_20-36-35_fq4x8_f0_seed8/model_499.pt	2026-07-27_20-36-35_fq4x8_f0_seed8/model_499.pt	e053b78cc388dcbd9bf0370c6dbdb1d8c8e550e508f0425f211ff15ebf59430e	9cc63599a54788703e2348019b27908718912377	b58ccd2f81fd246f27c1e8d88cf86484cd888703	fb55f214d6e0cb2da308e6580ef535d4823038bc8ab842a05ca4085ab346ec14
fq4x8	F0	f0	Unitree-Z1-Hammer-CaT-Impulse-Event-Linear-F0	9	/cephhome/eunikhilr/campaigns/fq4x8_9cc6359/unitree_rl_mjlab/logs/rsl_rl/z1_hammer/2026-07-27_20-41-01_fq4x8_f0_seed9/model_499.pt	2026-07-27_20-41-01_fq4x8_f0_seed9/model_499.pt	6b2482a1b2e1f1235d6a62d607771b584b521964402ee5dcd8788398fdf4368c	9cc63599a54788703e2348019b27908718912377	b58ccd2f81fd246f27c1e8d88cf86484cd888703	fb55f214d6e0cb2da308e6580ef535d4823038bc8ab842a05ca4085ab346ec14
fq4x8	F0	f0	Unitree-Z1-Hammer-CaT-Impulse-Event-Linear-F0	10	/cephhome/eunikhilr/campaigns/fq4x8_9cc6359/unitree_rl_mjlab/logs/rsl_rl/z1_hammer/2026-07-27_20-54-16_fq4x8_f0_seed10/model_499.pt	2026-07-27_20-54-16_fq4x8_f0_seed10/model_499.pt	4e5db6c6a29564b27b04c32f2add79ffd9539069c9921b28d6bf5329b8f60923	9cc63599a54788703e2348019b27908718912377	b58ccd2f81fd246f27c1e8d88cf86484cd888703	fb55f214d6e0cb2da308e6580ef535d4823038bc8ab842a05ca4085ab346ec14
fq4x8	F0	f0	Unitree-Z1-Hammer-CaT-Impulse-Event-Linear-F0	11	/cephhome/eunikhilr/campaigns/fq4x8_9cc6359/unitree_rl_mjlab/logs/rsl_rl/z1_hammer/2026-07-27_20-57-53_fq4x8_f0_seed11/model_499.pt	2026-07-27_20-57-53_fq4x8_f0_seed11/model_499.pt	84d6d558b4a659a65051fde8748b7af4f4900d655806353c301bd37ea28c76ec	9cc63599a54788703e2348019b27908718912377	b58ccd2f81fd246f27c1e8d88cf86484cd888703	fb55f214d6e0cb2da308e6580ef535d4823038bc8ab842a05ca4085ab346ec14
fq4x8	F0	f0	Unitree-Z1-Hammer-CaT-Impulse-Event-Linear-F0	12	/cephhome/eunikhilr/campaigns/fq4x8_9cc6359/unitree_rl_mjlab/logs/rsl_rl/z1_hammer/2026-07-27_20-57-53_fq4x8_f0_seed12/model_499.pt	2026-07-27_20-57-53_fq4x8_f0_seed12/model_499.pt	5e94562f348cfad2349fbefd755d796799d72e2e637a18850e2d4becb0eb96f9	9cc63599a54788703e2348019b27908718912377	b58ccd2f81fd246f27c1e8d88cf86484cd888703	fb55f214d6e0cb2da308e6580ef535d4823038bc8ab842a05ca4085ab346ec14
fq4x8	F0	f0	Unitree-Z1-Hammer-CaT-Impulse-Event-Linear-F0	13	/cephhome/eunikhilr/campaigns/fq4x8_9cc6359/unitree_rl_mjlab/logs/rsl_rl/z1_hammer/2026-07-27_20-57-55_fq4x8_f0_seed13/model_499.pt	2026-07-27_20-57-55_fq4x8_f0_seed13/model_499.pt	28b135fda0feda3d8341988881583e9b1e375b535ec9c66499d57c36acc2b9c9	9cc63599a54788703e2348019b27908718912377	b58ccd2f81fd246f27c1e8d88cf86484cd888703	fb55f214d6e0cb2da308e6580ef535d4823038bc8ab842a05ca4085ab346ec14
fq4x8	F0	f0	Unitree-Z1-Hammer-CaT-Impulse-Event-Linear-F0	14	/cephhome/eunikhilr/campaigns/fq4x8_9cc6359/unitree_rl_mjlab/logs/rsl_rl/z1_hammer/2026-07-27_20-58-45_fq4x8_f0_seed14/model_499.pt	2026-07-27_20-58-45_fq4x8_f0_seed14/model_499.pt	51631555cda921c2af65ed4d62ebd95d1830e9987e2618ebecc7e7be3f0dc29f	9cc63599a54788703e2348019b27908718912377	b58ccd2f81fd246f27c1e8d88cf86484cd888703	fb55f214d6e0cb2da308e6580ef535d4823038bc8ab842a05ca4085ab346ec14
fq4x8	F0	f0	Unitree-Z1-Hammer-CaT-Impulse-Event-Linear-F0	15	/cephhome/eunikhilr/campaigns/fq4x8_9cc6359/unitree_rl_mjlab/logs/rsl_rl/z1_hammer/2026-07-27_20-58-45_fq4x8_f0_seed15/model_499.pt	2026-07-27_20-58-45_fq4x8_f0_seed15/model_499.pt	2a39620824ed49d93271411f207d2aac99f4befb9a84cdbbb7de7b987a4f860c	9cc63599a54788703e2348019b27908718912377	b58ccd2f81fd246f27c1e8d88cf86484cd888703	fb55f214d6e0cb2da308e6580ef535d4823038bc8ab842a05ca4085ab346ec14
fq4x8	D0	d0	Unitree-Z1-Hammer-CaT-Impulse-Event-Linear-D0	8	/cephhome/eunikhilr/campaigns/fq4x8_9cc6359/unitree_rl_mjlab/logs/rsl_rl/z1_hammer/2026-07-27_20-58-44_fq4x8_d0_seed8/model_499.pt	2026-07-27_20-58-44_fq4x8_d0_seed8/model_499.pt	5679b0c6f974ab51fa80d92942a706120a53284c89cca1d790a6d040403a12d2	9cc63599a54788703e2348019b27908718912377	b58ccd2f81fd246f27c1e8d88cf86484cd888703	fb55f214d6e0cb2da308e6580ef535d4823038bc8ab842a05ca4085ab346ec14
fq4x8	D0	d0	Unitree-Z1-Hammer-CaT-Impulse-Event-Linear-D0	9	/cephhome/eunikhilr/campaigns/fq4x8_9cc6359/unitree_rl_mjlab/logs/rsl_rl/z1_hammer/2026-07-27_20-58-44_fq4x8_d0_seed9/model_499.pt	2026-07-27_20-58-44_fq4x8_d0_seed9/model_499.pt	005991cd5196d53321358dade0b0104d7d782015726cf0bb860548410bbee957	9cc63599a54788703e2348019b27908718912377	b58ccd2f81fd246f27c1e8d88cf86484cd888703	fb55f214d6e0cb2da308e6580ef535d4823038bc8ab842a05ca4085ab346ec14
fq4x8	D0	d0	Unitree-Z1-Hammer-CaT-Impulse-Event-Linear-D0	10	/cephhome/eunikhilr/campaigns/fq4x8_9cc6359/unitree_rl_mjlab/logs/rsl_rl/z1_hammer/2026-07-27_20-58-45_fq4x8_d0_seed10/model_499.pt	2026-07-27_20-58-45_fq4x8_d0_seed10/model_499.pt	f13d76972dcb5be6df0d409a7c5456d1194bb6bb98001772a3e384870b831630	9cc63599a54788703e2348019b27908718912377	b58ccd2f81fd246f27c1e8d88cf86484cd888703	fb55f214d6e0cb2da308e6580ef535d4823038bc8ab842a05ca4085ab346ec14
fq4x8	D0	d0	Unitree-Z1-Hammer-CaT-Impulse-Event-Linear-D0	11	/cephhome/eunikhilr/campaigns/fq4x8_9cc6359/unitree_rl_mjlab/logs/rsl_rl/z1_hammer/2026-07-27_21-01-14_fq4x8_d0_seed11/model_499.pt	2026-07-27_21-01-14_fq4x8_d0_seed11/model_499.pt	e93adcd5c351d3db74c2d6bb0bf2e6fca711964e193a953096cab00e4e1664d5	9cc63599a54788703e2348019b27908718912377	b58ccd2f81fd246f27c1e8d88cf86484cd888703	fb55f214d6e0cb2da308e6580ef535d4823038bc8ab842a05ca4085ab346ec14
fq4x8	D0	d0	Unitree-Z1-Hammer-CaT-Impulse-Event-Linear-D0	12	/cephhome/eunikhilr/campaigns/fq4x8_9cc6359/unitree_rl_mjlab/logs/rsl_rl/z1_hammer/2026-07-27_21-02-28_fq4x8_d0_seed12/model_499.pt	2026-07-27_21-02-28_fq4x8_d0_seed12/model_499.pt	f74d1d80010688891fa8ae0d49b7737e51857fff6a4cccf65e42ec70ef454d1a	9cc63599a54788703e2348019b27908718912377	b58ccd2f81fd246f27c1e8d88cf86484cd888703	fb55f214d6e0cb2da308e6580ef535d4823038bc8ab842a05ca4085ab346ec14
fq4x8	D0	d0	Unitree-Z1-Hammer-CaT-Impulse-Event-Linear-D0	13	/cephhome/eunikhilr/campaigns/fq4x8_9cc6359/unitree_rl_mjlab/logs/rsl_rl/z1_hammer/2026-07-27_21-04-21_fq4x8_d0_seed13/model_499.pt	2026-07-27_21-04-21_fq4x8_d0_seed13/model_499.pt	4339ec5e8fc27b1269cce7364cd1bb69c0e4c0652831b60bfac24f30b3f43985	9cc63599a54788703e2348019b27908718912377	b58ccd2f81fd246f27c1e8d88cf86484cd888703	fb55f214d6e0cb2da308e6580ef535d4823038bc8ab842a05ca4085ab346ec14
fq4x8	D0	d0	Unitree-Z1-Hammer-CaT-Impulse-Event-Linear-D0	14	/cephhome/eunikhilr/campaigns/fq4x8_9cc6359/unitree_rl_mjlab/logs/rsl_rl/z1_hammer/2026-07-27_21-05-55_fq4x8_d0_seed14/model_499.pt	2026-07-27_21-05-55_fq4x8_d0_seed14/model_499.pt	d98346b2b1fdffde454de45ea7e6d72afbb899efa89f6f6cfe1bad274d5c3eba	9cc63599a54788703e2348019b27908718912377	b58ccd2f81fd246f27c1e8d88cf86484cd888703	fb55f214d6e0cb2da308e6580ef535d4823038bc8ab842a05ca4085ab346ec14
fq4x8	D0	d0	Unitree-Z1-Hammer-CaT-Impulse-Event-Linear-D0	15	/cephhome/eunikhilr/campaigns/fq4x8_9cc6359/unitree_rl_mjlab/logs/rsl_rl/z1_hammer/2026-07-27_21-06-21_fq4x8_d0_seed15/model_499.pt	2026-07-27_21-06-21_fq4x8_d0_seed15/model_499.pt	5ea51edf193de70e951916276204a961e45cea549fb47a62546e75aac0342533	9cc63599a54788703e2348019b27908718912377	b58ccd2f81fd246f27c1e8d88cf86484cd888703	fb55f214d6e0cb2da308e6580ef535d4823038bc8ab842a05ca4085ab346ec14
fq4x8	FQ-min	fq	Unitree-Z1-Hammer-CaT-Impulse-Event-Quality	8	/cephhome/eunikhilr/campaigns/fq4x8_9cc6359/unitree_rl_mjlab/logs/rsl_rl/z1_hammer/2026-07-27_21-08-15_fq4x8_fq_seed8/model_499.pt	2026-07-27_21-08-15_fq4x8_fq_seed8/model_499.pt	d2f4efdd6771fb9e2b75b7141df6b0876d239fbd39f0ba05260cb6101a7a2017	9cc63599a54788703e2348019b27908718912377	b58ccd2f81fd246f27c1e8d88cf86484cd888703	fb55f214d6e0cb2da308e6580ef535d4823038bc8ab842a05ca4085ab346ec14
fq4x8	FQ-min	fq	Unitree-Z1-Hammer-CaT-Impulse-Event-Quality	9	/cephhome/eunikhilr/campaigns/fq4x8_9cc6359/unitree_rl_mjlab/logs/rsl_rl/z1_hammer/2026-07-27_21-09-28_fq4x8_fq_seed9/model_499.pt	2026-07-27_21-09-28_fq4x8_fq_seed9/model_499.pt	f088202201202532ddab7cd3c1e68995b29f6dbcc827ed452f25894913e47ae5	9cc63599a54788703e2348019b27908718912377	b58ccd2f81fd246f27c1e8d88cf86484cd888703	fb55f214d6e0cb2da308e6580ef535d4823038bc8ab842a05ca4085ab346ec14
fq4x8	FQ-min	fq	Unitree-Z1-Hammer-CaT-Impulse-Event-Quality	10	/cephhome/eunikhilr/campaigns/fq4x8_9cc6359/unitree_rl_mjlab/logs/rsl_rl/z1_hammer/2026-07-27_21-15-16_fq4x8_fq_seed10/model_499.pt	2026-07-27_21-15-16_fq4x8_fq_seed10/model_499.pt	331c8e4b5832dc83be7e67f1d4713e44778010f1fa8fa911b0b026b29a7fa140	9cc63599a54788703e2348019b27908718912377	b58ccd2f81fd246f27c1e8d88cf86484cd888703	fb55f214d6e0cb2da308e6580ef535d4823038bc8ab842a05ca4085ab346ec14
fq4x8	FQ-min	fq	Unitree-Z1-Hammer-CaT-Impulse-Event-Quality	11	/cephhome/eunikhilr/campaigns/fq4x8_9cc6359/unitree_rl_mjlab/logs/rsl_rl/z1_hammer/2026-07-27_21-16-06_fq4x8_fq_seed11/model_499.pt	2026-07-27_21-16-06_fq4x8_fq_seed11/model_499.pt	248441a44dbf0ac6497a555130567edde73b8ddf619d0987d558b2e9c6ab82ee	9cc63599a54788703e2348019b27908718912377	b58ccd2f81fd246f27c1e8d88cf86484cd888703	fb55f214d6e0cb2da308e6580ef535d4823038bc8ab842a05ca4085ab346ec14
fq4x8	FQ-min	fq	Unitree-Z1-Hammer-CaT-Impulse-Event-Quality	12	/cephhome/eunikhilr/campaigns/fq4x8_9cc6359/unitree_rl_mjlab/logs/rsl_rl/z1_hammer/2026-07-27_21-18-24_fq4x8_fq_seed12/model_499.pt	2026-07-27_21-18-24_fq4x8_fq_seed12/model_499.pt	3aaae7766b588d3262789a8d0bf153b58cd91ebdb6598da6cbab5641dc61a479	9cc63599a54788703e2348019b27908718912377	b58ccd2f81fd246f27c1e8d88cf86484cd888703	fb55f214d6e0cb2da308e6580ef535d4823038bc8ab842a05ca4085ab346ec14
fq4x8	FQ-min	fq	Unitree-Z1-Hammer-CaT-Impulse-Event-Quality	13	/cephhome/eunikhilr/campaigns/fq4x8_9cc6359/unitree_rl_mjlab/logs/rsl_rl/z1_hammer/2026-07-27_21-19-13_fq4x8_fq_seed13/model_499.pt	2026-07-27_21-19-13_fq4x8_fq_seed13/model_499.pt	ed7bf46a30cb3d4ecc355c323c46816c46c11cdb93b54b51942c87fe760679c6	9cc63599a54788703e2348019b27908718912377	b58ccd2f81fd246f27c1e8d88cf86484cd888703	fb55f214d6e0cb2da308e6580ef535d4823038bc8ab842a05ca4085ab346ec14
fq4x8	FQ-min	fq	Unitree-Z1-Hammer-CaT-Impulse-Event-Quality	14	/cephhome/eunikhilr/campaigns/fq4x8_9cc6359/unitree_rl_mjlab/logs/rsl_rl/z1_hammer/2026-07-27_21-19-34_fq4x8_fq_seed14/model_499.pt	2026-07-27_21-19-34_fq4x8_fq_seed14/model_499.pt	79cedf28cdc7bd37a44b36eb499c4fb71fd9a97d3f5cf29a31c817de49a8bd75	9cc63599a54788703e2348019b27908718912377	b58ccd2f81fd246f27c1e8d88cf86484cd888703	fb55f214d6e0cb2da308e6580ef535d4823038bc8ab842a05ca4085ab346ec14
fq4x8	FQ-min	fq	Unitree-Z1-Hammer-CaT-Impulse-Event-Quality	15	/cephhome/eunikhilr/campaigns/fq4x8_9cc6359/unitree_rl_mjlab/logs/rsl_rl/z1_hammer/2026-07-27_21-19-56_fq4x8_fq_seed15/model_499.pt	2026-07-27_21-19-56_fq4x8_fq_seed15/model_499.pt	fccaca313758c870201f8cdbd8de9b353a1edc3abc8b5cf7f13bb7a65d6a8701	9cc63599a54788703e2348019b27908718912377	b58ccd2f81fd246f27c1e8d88cf86484cd888703	fb55f214d6e0cb2da308e6580ef535d4823038bc8ab842a05ca4085ab346ec14
fq3x8	F8	f8	Unitree-Z1-Hammer-CaT-Impulse-Event-Linear	16	/ceph/hpc/home/eunikhilr/campaigns/fq3x8_8bc679f/unitree_rl_mjlab/logs/rsl_rl/z1_hammer/2026-07-29_06-49-48_fq3x8_f8_seed16/model_499.pt	2026-07-29_06-49-48_fq3x8_f8_seed16/model_499.pt	8dbe434ee68734ac4b536c230a0b8f9b22de3b37dda1d3d9fd55a8f07214fa93	8bc679fe9e687244653f0fc0dc00cb0edc2d2497	b58ccd2f81fd246f27c1e8d88cf86484cd888703	4692e71bf2f6d201a765f3d4cdb3646fbe37593074965c9efa8a5c6ae29d8645
fq3x8	F8	f8	Unitree-Z1-Hammer-CaT-Impulse-Event-Linear	17	/ceph/hpc/home/eunikhilr/campaigns/fq3x8_8bc679f/unitree_rl_mjlab/logs/rsl_rl/z1_hammer/2026-07-29_06-49-30_fq3x8_f8_seed17/model_499.pt	2026-07-29_06-49-30_fq3x8_f8_seed17/model_499.pt	c723bf4edf9b3843fb314d10b5e4edfb45bd0e4be3816d1c5be4ac25ac375387	8bc679fe9e687244653f0fc0dc00cb0edc2d2497	b58ccd2f81fd246f27c1e8d88cf86484cd888703	4692e71bf2f6d201a765f3d4cdb3646fbe37593074965c9efa8a5c6ae29d8645
fq3x8	F8	f8	Unitree-Z1-Hammer-CaT-Impulse-Event-Linear	18	/ceph/hpc/home/eunikhilr/campaigns/fq3x8_8bc679f/unitree_rl_mjlab/logs/rsl_rl/z1_hammer/2026-07-29_06-49-30_fq3x8_f8_seed18/model_499.pt	2026-07-29_06-49-30_fq3x8_f8_seed18/model_499.pt	cf1d3c28069dad9d932fd922eeda7919e6f85650882f66504a69f288fed9c932	8bc679fe9e687244653f0fc0dc00cb0edc2d2497	b58ccd2f81fd246f27c1e8d88cf86484cd888703	4692e71bf2f6d201a765f3d4cdb3646fbe37593074965c9efa8a5c6ae29d8645
fq3x8	F8	f8	Unitree-Z1-Hammer-CaT-Impulse-Event-Linear	19	/ceph/hpc/home/eunikhilr/campaigns/fq3x8_8bc679f/unitree_rl_mjlab/logs/rsl_rl/z1_hammer/2026-07-29_06-50-15_fq3x8_f8_seed19/model_499.pt	2026-07-29_06-50-15_fq3x8_f8_seed19/model_499.pt	d8b199db923a857e36aeea3cb7955904e90923c6e4db9798efa4be246da30c98	8bc679fe9e687244653f0fc0dc00cb0edc2d2497	b58ccd2f81fd246f27c1e8d88cf86484cd888703	4692e71bf2f6d201a765f3d4cdb3646fbe37593074965c9efa8a5c6ae29d8645
fq3x8	F8	f8	Unitree-Z1-Hammer-CaT-Impulse-Event-Linear	20	/ceph/hpc/home/eunikhilr/campaigns/fq3x8_8bc679f/unitree_rl_mjlab/logs/rsl_rl/z1_hammer/2026-07-29_06-50-15_fq3x8_f8_seed20/model_499.pt	2026-07-29_06-50-15_fq3x8_f8_seed20/model_499.pt	29d3908335d15f5fcb9a02abd7b43c95fa3556f6e6792b784a099c7aa73c5f1a	8bc679fe9e687244653f0fc0dc00cb0edc2d2497	b58ccd2f81fd246f27c1e8d88cf86484cd888703	4692e71bf2f6d201a765f3d4cdb3646fbe37593074965c9efa8a5c6ae29d8645
fq3x8	F8	f8	Unitree-Z1-Hammer-CaT-Impulse-Event-Linear	21	/ceph/hpc/home/eunikhilr/campaigns/fq3x8_8bc679f/unitree_rl_mjlab/logs/rsl_rl/z1_hammer/2026-07-29_06-50-15_fq3x8_f8_seed21/model_499.pt	2026-07-29_06-50-15_fq3x8_f8_seed21/model_499.pt	d7fe81d36522f72ce5c72494a8f5ea7f3a8c13b56e724661c75102ee362409e9	8bc679fe9e687244653f0fc0dc00cb0edc2d2497	b58ccd2f81fd246f27c1e8d88cf86484cd888703	4692e71bf2f6d201a765f3d4cdb3646fbe37593074965c9efa8a5c6ae29d8645
fq3x8	F8	f8	Unitree-Z1-Hammer-CaT-Impulse-Event-Linear	22	/ceph/hpc/home/eunikhilr/campaigns/fq3x8_8bc679f/unitree_rl_mjlab/logs/rsl_rl/z1_hammer/2026-07-29_06-50-15_fq3x8_f8_seed22/model_499.pt	2026-07-29_06-50-15_fq3x8_f8_seed22/model_499.pt	28c19779452435be270b4288ce1250bffb49ad4dfe3aa2cb143df887c7c0c2e8	8bc679fe9e687244653f0fc0dc00cb0edc2d2497	b58ccd2f81fd246f27c1e8d88cf86484cd888703	4692e71bf2f6d201a765f3d4cdb3646fbe37593074965c9efa8a5c6ae29d8645
fq3x8	F8	f8	Unitree-Z1-Hammer-CaT-Impulse-Event-Linear	23	/ceph/hpc/home/eunikhilr/campaigns/fq3x8_8bc679f/unitree_rl_mjlab/logs/rsl_rl/z1_hammer/2026-07-29_06-49-53_fq3x8_f8_seed23/model_499.pt	2026-07-29_06-49-53_fq3x8_f8_seed23/model_499.pt	743edf174f0deceb3451c046e372621a6570433e349410d0665014b257137f1c	8bc679fe9e687244653f0fc0dc00cb0edc2d2497	b58ccd2f81fd246f27c1e8d88cf86484cd888703	4692e71bf2f6d201a765f3d4cdb3646fbe37593074965c9efa8a5c6ae29d8645
fq3x8	B8	b8	Unitree-Z1-Hammer-CaT-Impulse-Event-Bounded	16	/ceph/hpc/home/eunikhilr/campaigns/fq3x8_8bc679f/unitree_rl_mjlab/logs/rsl_rl/z1_hammer/2026-07-29_06-49-53_fq3x8_b8_seed16/model_499.pt	2026-07-29_06-49-53_fq3x8_b8_seed16/model_499.pt	7144e07c5e9e39401993e88921a0ce75024ecc9097f0a4c87db8b914eafcf83b	8bc679fe9e687244653f0fc0dc00cb0edc2d2497	b58ccd2f81fd246f27c1e8d88cf86484cd888703	4692e71bf2f6d201a765f3d4cdb3646fbe37593074965c9efa8a5c6ae29d8645
fq3x8	B8	b8	Unitree-Z1-Hammer-CaT-Impulse-Event-Bounded	17	/ceph/hpc/home/eunikhilr/campaigns/fq3x8_8bc679f/unitree_rl_mjlab/logs/rsl_rl/z1_hammer/2026-07-29_06-49-53_fq3x8_b8_seed17/model_499.pt	2026-07-29_06-49-53_fq3x8_b8_seed17/model_499.pt	7e4c0af77997b9b2ce46fe7c681b7b8e2e8f7130f5da0185cd044be2d8ef01fe	8bc679fe9e687244653f0fc0dc00cb0edc2d2497	b58ccd2f81fd246f27c1e8d88cf86484cd888703	4692e71bf2f6d201a765f3d4cdb3646fbe37593074965c9efa8a5c6ae29d8645
fq3x8	B8	b8	Unitree-Z1-Hammer-CaT-Impulse-Event-Bounded	18	/ceph/hpc/home/eunikhilr/campaigns/fq3x8_8bc679f/unitree_rl_mjlab/logs/rsl_rl/z1_hammer/2026-07-29_06-49-53_fq3x8_b8_seed18/model_499.pt	2026-07-29_06-49-53_fq3x8_b8_seed18/model_499.pt	e13944645d3ed7a4b15947ecd64793c49f3e66d1c5cbe09a84c7eac299528e58	8bc679fe9e687244653f0fc0dc00cb0edc2d2497	b58ccd2f81fd246f27c1e8d88cf86484cd888703	4692e71bf2f6d201a765f3d4cdb3646fbe37593074965c9efa8a5c6ae29d8645
fq3x8	B8	b8	Unitree-Z1-Hammer-CaT-Impulse-Event-Bounded	19	/ceph/hpc/home/eunikhilr/campaigns/fq3x8_8bc679f/unitree_rl_mjlab/logs/rsl_rl/z1_hammer/2026-07-29_06-50-04_fq3x8_b8_seed19/model_499.pt	2026-07-29_06-50-04_fq3x8_b8_seed19/model_499.pt	84ff746055796659157a66bd5975798eccf14e24b5dcffcd95fcf5aa362bd197	8bc679fe9e687244653f0fc0dc00cb0edc2d2497	b58ccd2f81fd246f27c1e8d88cf86484cd888703	4692e71bf2f6d201a765f3d4cdb3646fbe37593074965c9efa8a5c6ae29d8645
fq3x8	B8	b8	Unitree-Z1-Hammer-CaT-Impulse-Event-Bounded	20	/ceph/hpc/home/eunikhilr/campaigns/fq3x8_8bc679f/unitree_rl_mjlab/logs/rsl_rl/z1_hammer/2026-07-29_06-50-04_fq3x8_b8_seed20/model_499.pt	2026-07-29_06-50-04_fq3x8_b8_seed20/model_499.pt	eb33ee2659a1d561f166c9b20d5635256ef75743d9ab19b2b1d196097a2dde49	8bc679fe9e687244653f0fc0dc00cb0edc2d2497	b58ccd2f81fd246f27c1e8d88cf86484cd888703	4692e71bf2f6d201a765f3d4cdb3646fbe37593074965c9efa8a5c6ae29d8645
fq3x8	B8	b8	Unitree-Z1-Hammer-CaT-Impulse-Event-Bounded	21	/ceph/hpc/home/eunikhilr/campaigns/fq3x8_8bc679f/unitree_rl_mjlab/logs/rsl_rl/z1_hammer/2026-07-29_06-50-04_fq3x8_b8_seed21/model_499.pt	2026-07-29_06-50-04_fq3x8_b8_seed21/model_499.pt	88b2cfda7f02e9159eb20ed99f74b06b188da58e4599c939eeaf83b078b7ef3e	8bc679fe9e687244653f0fc0dc00cb0edc2d2497	b58ccd2f81fd246f27c1e8d88cf86484cd888703	4692e71bf2f6d201a765f3d4cdb3646fbe37593074965c9efa8a5c6ae29d8645
fq3x8	B8	b8	Unitree-Z1-Hammer-CaT-Impulse-Event-Bounded	22	/ceph/hpc/home/eunikhilr/campaigns/fq3x8_8bc679f/unitree_rl_mjlab/logs/rsl_rl/z1_hammer/2026-07-29_06-50-11_fq3x8_b8_seed22/model_499.pt	2026-07-29_06-50-11_fq3x8_b8_seed22/model_499.pt	03651ab0978e9e4e3e43a451573a1b43946b47b41022767d191fd36ac679213c	8bc679fe9e687244653f0fc0dc00cb0edc2d2497	b58ccd2f81fd246f27c1e8d88cf86484cd888703	4692e71bf2f6d201a765f3d4cdb3646fbe37593074965c9efa8a5c6ae29d8645
fq3x8	B8	b8	Unitree-Z1-Hammer-CaT-Impulse-Event-Bounded	23	/ceph/hpc/home/eunikhilr/campaigns/fq3x8_8bc679f/unitree_rl_mjlab/logs/rsl_rl/z1_hammer/2026-07-29_06-50-11_fq3x8_b8_seed23/model_499.pt	2026-07-29_06-50-11_fq3x8_b8_seed23/model_499.pt	e9f64b2342a505e82ad75965b7f1cde720890af751baebac76193421902650bd	8bc679fe9e687244653f0fc0dc00cb0edc2d2497	b58ccd2f81fd246f27c1e8d88cf86484cd888703	4692e71bf2f6d201a765f3d4cdb3646fbe37593074965c9efa8a5c6ae29d8645
fq3x8	FQ	fq	Unitree-Z1-Hammer-CaT-Impulse-Event-Quality	16	/ceph/hpc/home/eunikhilr/campaigns/fq3x8_8bc679f/unitree_rl_mjlab/logs/rsl_rl/z1_hammer/2026-07-29_06-50-11_fq3x8_fq_seed16/model_499.pt	2026-07-29_06-50-11_fq3x8_fq_seed16/model_499.pt	901a39711afb21f8016be551e8444c3b21f3867589a0e3306d36770efa5e82c0	8bc679fe9e687244653f0fc0dc00cb0edc2d2497	b58ccd2f81fd246f27c1e8d88cf86484cd888703	4692e71bf2f6d201a765f3d4cdb3646fbe37593074965c9efa8a5c6ae29d8645
fq3x8	FQ	fq	Unitree-Z1-Hammer-CaT-Impulse-Event-Quality	17	/ceph/hpc/home/eunikhilr/campaigns/fq3x8_8bc679f/unitree_rl_mjlab/logs/rsl_rl/z1_hammer/2026-07-29_06-50-11_fq3x8_fq_seed17/model_499.pt	2026-07-29_06-50-11_fq3x8_fq_seed17/model_499.pt	979cb69cfc06af6e47ff3e2d6e8a8c04aca6b9fa7872b6ed1f707635d1b32cd7	8bc679fe9e687244653f0fc0dc00cb0edc2d2497	b58ccd2f81fd246f27c1e8d88cf86484cd888703	4692e71bf2f6d201a765f3d4cdb3646fbe37593074965c9efa8a5c6ae29d8645
fq3x8	FQ	fq	Unitree-Z1-Hammer-CaT-Impulse-Event-Quality	18	/ceph/hpc/home/eunikhilr/campaigns/fq3x8_8bc679f/unitree_rl_mjlab/logs/rsl_rl/z1_hammer/2026-07-29_06-50-45_fq3x8_fq_seed18/model_499.pt	2026-07-29_06-50-45_fq3x8_fq_seed18/model_499.pt	dbab4820add5522d7953341ef75fe4690abbe4e4e14f828b57cefb7aa1dbee10	8bc679fe9e687244653f0fc0dc00cb0edc2d2497	b58ccd2f81fd246f27c1e8d88cf86484cd888703	4692e71bf2f6d201a765f3d4cdb3646fbe37593074965c9efa8a5c6ae29d8645
fq3x8	FQ	fq	Unitree-Z1-Hammer-CaT-Impulse-Event-Quality	19	/ceph/hpc/home/eunikhilr/campaigns/fq3x8_8bc679f/unitree_rl_mjlab/logs/rsl_rl/z1_hammer/2026-07-29_06-50-45_fq3x8_fq_seed19/model_499.pt	2026-07-29_06-50-45_fq3x8_fq_seed19/model_499.pt	49b111b52d1e3f60ebc912198e979610a32b03dbd6d43d5a9b95d8841db94f86	8bc679fe9e687244653f0fc0dc00cb0edc2d2497	b58ccd2f81fd246f27c1e8d88cf86484cd888703	4692e71bf2f6d201a765f3d4cdb3646fbe37593074965c9efa8a5c6ae29d8645
fq3x8	FQ	fq	Unitree-Z1-Hammer-CaT-Impulse-Event-Quality	20	/ceph/hpc/home/eunikhilr/campaigns/fq3x8_8bc679f/unitree_rl_mjlab/logs/rsl_rl/z1_hammer/2026-07-29_06-50-45_fq3x8_fq_seed20/model_499.pt	2026-07-29_06-50-45_fq3x8_fq_seed20/model_499.pt	657bbd79e3c9bc9e70fca40a1069566ad0568eab758e7dfe7b8fce94150fef22	8bc679fe9e687244653f0fc0dc00cb0edc2d2497	b58ccd2f81fd246f27c1e8d88cf86484cd888703	4692e71bf2f6d201a765f3d4cdb3646fbe37593074965c9efa8a5c6ae29d8645
fq3x8	FQ	fq	Unitree-Z1-Hammer-CaT-Impulse-Event-Quality	21	/ceph/hpc/home/eunikhilr/campaigns/fq3x8_8bc679f/unitree_rl_mjlab/logs/rsl_rl/z1_hammer/2026-07-29_06-50-45_fq3x8_fq_seed21/model_499.pt	2026-07-29_06-50-45_fq3x8_fq_seed21/model_499.pt	e6756c97fdd985a1f4751b4103989f8ebdc8b7c92114c577e81ae8ceaea98a47	8bc679fe9e687244653f0fc0dc00cb0edc2d2497	b58ccd2f81fd246f27c1e8d88cf86484cd888703	4692e71bf2f6d201a765f3d4cdb3646fbe37593074965c9efa8a5c6ae29d8645
fq3x8	FQ	fq	Unitree-Z1-Hammer-CaT-Impulse-Event-Quality	22	/ceph/hpc/home/eunikhilr/campaigns/fq3x8_8bc679f/unitree_rl_mjlab/logs/rsl_rl/z1_hammer/2026-07-29_06-50-18_fq3x8_fq_seed22/model_499.pt	2026-07-29_06-50-18_fq3x8_fq_seed22/model_499.pt	07a503dd2a3f7ecddc0d22f72390cfb3eab915c6ffa2f01532faab28d12584b6	8bc679fe9e687244653f0fc0dc00cb0edc2d2497	b58ccd2f81fd246f27c1e8d88cf86484cd888703	4692e71bf2f6d201a765f3d4cdb3646fbe37593074965c9efa8a5c6ae29d8645
fq3x8	FQ	fq	Unitree-Z1-Hammer-CaT-Impulse-Event-Quality	23	/ceph/hpc/home/eunikhilr/campaigns/fq3x8_8bc679f/unitree_rl_mjlab/logs/rsl_rl/z1_hammer/2026-07-29_06-50-16_fq3x8_fq_seed23/model_499.pt	2026-07-29_06-50-16_fq3x8_fq_seed23/model_499.pt	c61ae3b59bc629dd79f7b600f79364dcb025cd77b94d811bde85eb3d75b1a6ab	8bc679fe9e687244653f0fc0dc00cb0edc2d2497	b58ccd2f81fd246f27c1e8d88cf86484cd888703	4692e71bf2f6d201a765f3d4cdb3646fbe37593074965c9efa8a5c6ae29d8645
