name,ckpt_path,checkpoint_path,checkpoint_sha256,task,treatment,training_seed,num_envs,nsteps,episode_len_s,seed,imp_max_p,impact_weight,delivered_weight,event_i_ref_n_s,n_episodes,lambda_max_joint1,lambda_max_joint2,lambda_max_joint3,lambda_max_joint4,lambda_max_joint5,lambda_max_joint6,lambda_p95_joint1,lambda_p95_joint2,lambda_p95_joint3,lambda_p95_joint4,lambda_p95_joint5,lambda_p95_joint6,worst_ratio_max,worst_ratio_mean,delivered_mean,delivered_std,success_rate,nail_depth_mean_mm,nail_depth_std_mm,ep_len_mean,ep_len_std,impossible_success_n,lambda_dead_n,n_episodes_sampled,success_rate_sampled,worst_ratio_max_sampled,delivered_mean_sampled,episodes_per_env_sampled,contact_approach_angle_mean_sampled,delivered_return_discounted_mean_sampled,first_contact_geometry_n_sampled,first_contact_transverse_error_mean_sampled,first_contact_within_nail_radius_rate_sampled,first_strike_delivered_success_mean_sampled,first_strike_delivered_window_mean_sampled,first_strike_no_contact_n_sampled,first_strike_productive_rate_sampled,first_strike_saturation_rate_sampled,first_strike_success_n_sampled,first_strike_success_rate_sampled,first_strike_unfinished_event_n_sampled,first_strike_useful_speed_mean_sampled,first_strike_v_precontact_mean_sampled,first_strike_window_n_sampled,impact_return_discounted_mean_sampled,late_lateral_reexpansion_rate_sampled,maximize_return_discounted_mean_sampled,overall_success_rate_sampled,precontact_lateral_excursion_mean_sampled,precontact_path_length_ratio_mean_sampled,qvel_finite_exceedance_rate_sampled,qvel_first_event_exceedance_rate_sampled,qvel_first_event_samples_over_rail_sampled,qvel_first_event_seconds_over_rail_sampled,qvel_max_abs_rad_s_sampled,qvel_max_excess_rad_s_sampled,qvel_nonfinite_rate_sampled,qvel_peak_joint_index_sampled,qvel_post_event_exceedance_rate_sampled,qvel_post_event_samples_over_rail_sampled,qvel_post_event_seconds_over_rail_sampled,qvel_precontact_exceedance_rate_sampled,qvel_precontact_samples_over_rail_sampled,qvel_precontact_seconds_over_rail_sampled,qvel_samples_over_rail_sampled,qvel_seconds_over_rail_sampled,qvel_violation_rate_sampled,recontact_rate_sampled,successful_first_strike_v_precontact_mean_sampled,tail_fraction_mean_sampled,terminal_contraction_ratio_mean_sampled,terminal_funnel_eligible_n_sampled,action_rng_seed,reset_rng_seed,observation_rng_seed,reset_position_noise_min_rad,reset_position_noise_max_rad,actor_observation_corruption,critic_observation_corruption,sampled_completion_rule,sampled_actions_stochastic,physics_dt_s,control_decimation,fixed_impedance_signature_sha256,fixed_action_signature_sha256,accepted_checkpoint_sha256,accepted_manifest_sha256,training_code_revision,training_asset_revision,sampled_trace_path,sampled_trace_digest,sampled_trace_artifact_sha256,campaign_config_sha256,treatment_config_sha256,nail_asset_sha256,host,timestamp_utc,git_hash,git_revision,git_dirty,asset_git_hash,asset_git_revision,asset_git_dirty
fsr4x8_c_seed0,/cephhome/eunikhilr/campaigns/fsr4x8_4a05ab7/unitree_rl_mjlab/logs/rsl_rl/z1_hammer/2026-07-26_09-55-41_fsr4x8_c_seed0/model_499.pt,/cephhome/eunikhilr/campaigns/fsr4x8_4a05ab7/unitree_rl_mjlab/logs/rsl_rl/z1_hammer/2026-07-26_09-55-41_fsr4x8_c_seed0/model_499.pt,22c57ddd45318c323b6567dcb66bca6dd7b54aeeb6341dd8098629dce0df16d3,Unitree-Z1-Hammer-CaT-Impulse,C,0,256,400,4.0,2026072900,0.0,8.0,2.0,0.6094,13416,0.8924937844276428,0.4862416088581085,0.7318955659866333,0.37671762704849243,0.5239709615707397,0.08481353521347046,0.48284992575645447,0.4039614200592041,0.270627498626709,0.1981947124004364,0.3060155212879181,0.04809097945690155,0.544203519821167,0.20529775321483612,0.5257076025009155,0.16396409273147583,1.0,31.924949645996094,0.31304338574409485,7.56499719619751,0.8571169376373291,0,0,512,1.0,0.5059099793434143,0.524570882320404,2,35.88114542065526,0.032373525352861164,512,0.010531039489135807,0.66015625,0.3176892069168389,0.0,0,1.0,0.0,512,1.0,0,1.35261199506931,1.35261199506931,0,0.3630842698978648,0.37109375,0.39545779525072594,1.0,0.05757043434973287,1.3985095627038915,1.0,0.703125,1442,2.884,5.307516574859619,2.166016574859619,0.0,3,0.58984375,1746,3.492,1.0,15446,30.892,18634,37.268,1.0,0.8671875,1.35261199506931,0.3368897137097172,0.26285511508997567,512,2056072941,2036072919,2046072933,-0.05,0.05,True,False,first_two_completions_per_environment,True,0.002,10,a8252c853dd0059c89cff357e8e542fc6d097ecc9ef2652768ca0ef83d8aa269,56e59da46050a16c2005cb1872632ed81d41f82b48ae5c94beaca8fea44790ec,22c57ddd45318c323b6567dcb66bca6dd7b54aeeb6341dd8098629dce0df16d3,4519528ca0c3b2d0e537730758344c312400a1872b80ea950b541a819875687f,4a05ab762f21b3c4dc1036da0ee0db283a6bf357,b58ccd2f81fd246f27c1e8d88cf86484cd888703,/cephhome/eunikhilr/unitree_rl_mjlab_eval/fsr4x8/attempt1/fsr4x8_c_seed0_22c57ddd45318c32_759d3c91dc9965079a3546847d01598af5d18d81976a12657d756af1cbe5c6a1_sampled_traces.npz,759d3c91dc9965079a3546847d01598af5d18d81976a12657d756af1cbe5c6a1,ccaea479b08b0f1426a84d9f47c6b8125231d52c6a4a249f3070fa14ab5794bc,1b02843ffeb5d13c16676623ed5b232ffb697390866cee8bc2cdcf2313cd9c60,efc15f6cc2b40bd3b18688a88557d18ed1d7c7a49f6377ffb18ec24edd35531a,47b0986d74675673a8c7e03a7b6d7012790d7cb10c1622bf699179f0046c3e00,gn33,2026-07-26T08:22:11+00:00,4a05ab762f21b3c4dc1036da0ee0db283a6bf357,4a05ab762f21b3c4dc1036da0ee0db283a6bf357,False,b58ccd2f81fd246f27c1e8d88cf86484cd888703,b58ccd2f81fd246f27c1e8d88cf86484cd888703,False
fsr4x8_c_seed1,/cephhome/eunikhilr/campaigns/fsr4x8_4a05ab7/unitree_rl_mjlab/logs/rsl_rl/z1_hammer/2026-07-26_09-55-46_fsr4x8_c_seed1/model_499.pt,/cephhome/eunikhilr/campaigns/fsr4x8_4a05ab7/unitree_rl_mjlab/logs/rsl_rl/z1_hammer/2026-07-26_09-55-46_fsr4x8_c_seed1/model_499.pt,1257c00f918bdfc00e78aee719fae9e464aa025a48c83201bedcbb2dc72aa51a,Unitree-Z1-Hammer-CaT-Impulse,C,1,256,400,4.0,2026072900,0.0,8.0,2.0,0.6094,13612,1.02994966506958,0.4261380434036255,0.6805638074874878,0.4011223316192627,0.582436740398407,0.09855623543262482,0.5175192952156067,0.3667812645435333,0.39196890592575073,0.2461155205965042,0.3101889193058014,0.03382660076022148,0.6280180811882019,0.24500179290771484,0.5302349328994751,0.12795856595039368,1.0,31.951160430908203,0.25080570578575134,7.4615044593811035,0.8938531875610352,0,0,512,1.0,0.6043715476989746,0.5203292965888977,2,30.463418463211653,0.0321534611266904,512,0.008466999922482895,0.8125,0.30918897164519876,0.0,0,1.0,0.0,512,1.0,0,1.374532452551648,1.374532452551648,0,0.40432187418488785,0.16796875,0.4364753353115783,1.0,0.04099839973518644,1.206765100983262,0.99609375,0.7421875,1482,2.964,4.995938301086426,1.8544383010864256,0.0,2,0.111328125,209,0.418,0.99609375,4776,9.552,6467,12.934000000000001,0.99609375,0.9140625,1.374532452551648,0.3643532579153928,0.41554557011579446,512,2056072941,2036072919,2046072933,-0.05,0.05,True,False,first_two_completions_per_environment,True,0.002,10,a8252c853dd0059c89cff357e8e542fc6d097ecc9ef2652768ca0ef83d8aa269,56e59da46050a16c2005cb1872632ed81d41f82b48ae5c94beaca8fea44790ec,1257c00f918bdfc00e78aee719fae9e464aa025a48c83201bedcbb2dc72aa51a,4519528ca0c3b2d0e537730758344c312400a1872b80ea950b541a819875687f,4a05ab762f21b3c4dc1036da0ee0db283a6bf357,b58ccd2f81fd246f27c1e8d88cf86484cd888703,/cephhome/eunikhilr/unitree_rl_mjlab_eval/fsr4x8/attempt1/fsr4x8_c_seed1_1257c00f918bdfc0_7af489b899a6d90c0ae5ddb76118913b44bbed0788c96c5774562d3241b0c3fa_sampled_traces.npz,7af489b899a6d90c0ae5ddb76118913b44bbed0788c96c5774562d3241b0c3fa,44198a58d270207d470b95b49102caea90c626a80c68b916584d7eba6e41621d,1b02843ffeb5d13c16676623ed5b232ffb697390866cee8bc2cdcf2313cd9c60,efc15f6cc2b40bd3b18688a88557d18ed1d7c7a49f6377ffb18ec24edd35531a,47b0986d74675673a8c7e03a7b6d7012790d7cb10c1622bf699179f0046c3e00,gn33,2026-07-26T08:23:48+00:00,4a05ab762f21b3c4dc1036da0ee0db283a6bf357,4a05ab762f21b3c4dc1036da0ee0db283a6bf357,False,b58ccd2f81fd246f27c1e8d88cf86484cd888703,b58ccd2f81fd246f27c1e8d88cf86484cd888703,False
fsr4x8_c_seed2,/cephhome/eunikhilr/campaigns/fsr4x8_4a05ab7/unitree_rl_mjlab/logs/rsl_rl/z1_hammer/2026-07-26_09-55-46_fsr4x8_c_seed2/model_499.pt,/cephhome/eunikhilr/campaigns/fsr4x8_4a05ab7/unitree_rl_mjlab/logs/rsl_rl/z1_hammer/2026-07-26_09-55-46_fsr4x8_c_seed2/model_499.pt,d8ff7242bfafbdf54d8f553f96e2ef3085463e2341205246c45d3a4fb67d14b1,Unitree-Z1-Hammer-CaT-Impulse,C,2,256,400,4.0,2026072900,0.0,8.0,2.0,0.6094,13243,0.8671274185180664,0.534420907497406,0.7484181523323059,0.39528602361679077,0.5273971557617188,0.08958815038204193,0.4969807267189026,0.4082297086715698,0.3098313808441162,0.20879174768924713,0.30475232005119324,0.049383554607629776,0.5287362337112427,0.2156205028295517,0.5600121021270752,0.1618562787771225,1.0,31.923423767089844,0.31509584188461304,7.670316219329834,0.8439037203788757,0,0,512,1.0,0.5274685025215149,0.5447535514831543,2,35.87789468230751,0.033598684403518694,512,0.008849599025987469,0.76171875,0.316401547398053,0.15980121493339539,0,1.0,0.0,510,0.99609375,0,1.347334167221561,1.3522549408953637,2,0.3852857157136252,0.146484375,0.4188844001171439,1.0,0.04731191832894664,1.3606834845678428,1.0,0.890625,2485,4.97,5.330142498016357,2.1886424980163572,0.0,2,0.71875,2400,4.8,1.0,15320,30.64,20205,40.410000000000004,1.0,0.90234375,1.35261783062243,0.36633303456980015,0.2842305111733652,512,2056072941,2036072919,2046072933,-0.05,0.05,True,False,first_two_completions_per_environment,True,0.002,10,a8252c853dd0059c89cff357e8e542fc6d097ecc9ef2652768ca0ef83d8aa269,56e59da46050a16c2005cb1872632ed81d41f82b48ae5c94beaca8fea44790ec,d8ff7242bfafbdf54d8f553f96e2ef3085463e2341205246c45d3a4fb67d14b1,4519528ca0c3b2d0e537730758344c312400a1872b80ea950b541a819875687f,4a05ab762f21b3c4dc1036da0ee0db283a6bf357,b58ccd2f81fd246f27c1e8d88cf86484cd888703,/cephhome/eunikhilr/unitree_rl_mjlab_eval/fsr4x8/attempt1/fsr4x8_c_seed2_d8ff7242bfafbdf5_898e288712a6d23fdd4856b487d7ac6a01c1a518ab45754db77120dac1cce30b_sampled_traces.npz,898e288712a6d23fdd4856b487d7ac6a01c1a518ab45754db77120dac1cce30b,cb5fcbe86df0bab8a07318f0cffc74b54c87a4be3b1db09ce6c9bf2d14ab4b59,1b02843ffeb5d13c16676623ed5b232ffb697390866cee8bc2cdcf2313cd9c60,efc15f6cc2b40bd3b18688a88557d18ed1d7c7a49f6377ffb18ec24edd35531a,47b0986d74675673a8c7e03a7b6d7012790d7cb10c1622bf699179f0046c3e00,gn33,2026-07-26T08:25:25+00:00,4a05ab762f21b3c4dc1036da0ee0db283a6bf357,4a05ab762f21b3c4dc1036da0ee0db283a6bf357,False,b58ccd2f81fd246f27c1e8d88cf86484cd888703,b58ccd2f81fd246f27c1e8d88cf86484cd888703,False
fsr4x8_c_seed3,/cephhome/eunikhilr/campaigns/fsr4x8_4a05ab7/unitree_rl_mjlab/logs/rsl_rl/z1_hammer/2026-07-26_09-55-46_fsr4x8_c_seed3/model_499.pt,/cephhome/eunikhilr/campaigns/fsr4x8_4a05ab7/unitree_rl_mjlab/logs/rsl_rl/z1_hammer/2026-07-26_09-55-46_fsr4x8_c_seed3/model_499.pt,c51543ce6825d4bfd58b1a5030feac487c170813cf2e3a716c1ca0702315c1b0,Unitree-Z1-Hammer-CaT-Impulse,C,3,256,400,4.0,2026072900,0.0,8.0,2.0,0.6094,13217,1.373356819152832,0.5096167325973511,0.6962082386016846,0.39373135566711426,0.843669593334198,0.09391550719738007,0.4894264042377472,0.3870137929916382,0.3534368872642517,0.22060970962047577,0.3098672032356262,0.039963409304618835,0.8374127149581909,0.2002582848072052,0.4992350935935974,0.1555919647216797,1.0,31.916976928710938,0.3167668879032135,7.680109024047852,0.8081521391868591,0,0,512,1.0,0.6028834581375122,0.4972679615020752,2,38.69580339356783,0.03062707273097575,512,0.010039351471843127,0.642578125,0.3127602516088467,0.08079110831022263,0,1.0,0.0,511,0.998046875,0,1.347301330184564,1.3496656089555472,1,0.31558973207102153,0.52734375,0.3462168048019973,1.0,0.06024620733456085,1.4630223552085901,1.0,0.91796875,2243,4.486,5.213506698608398,2.0720066986083983,0.0,3,0.6953125,1715,3.43,1.0,16878,33.756,20836,41.672000000000004,1.0,0.79296875,1.3499379276996022,0.3095001237796579,0.23242471211688587,512,2056072941,2036072919,2046072933,-0.05,0.05,True,False,first_two_completions_per_environment,True,0.002,10,a8252c853dd0059c89cff357e8e542fc6d097ecc9ef2652768ca0ef83d8aa269,56e59da46050a16c2005cb1872632ed81d41f82b48ae5c94beaca8fea44790ec,c51543ce6825d4bfd58b1a5030feac487c170813cf2e3a716c1ca0702315c1b0,4519528ca0c3b2d0e537730758344c312400a1872b80ea950b541a819875687f,4a05ab762f21b3c4dc1036da0ee0db283a6bf357,b58ccd2f81fd246f27c1e8d88cf86484cd888703,/cephhome/eunikhilr/unitree_rl_mjlab_eval/fsr4x8/attempt1/fsr4x8_c_seed3_c51543ce6825d4bf_4db9225f23f3cd8ae28116c499e76433451e87b33383f62d2530b045fbca97c2_sampled_traces.npz,4db9225f23f3cd8ae28116c499e76433451e87b33383f62d2530b045fbca97c2,d0b3df22682f69281255c2086f94b59b576c0c98884e340869284cb7cb61393d,1b02843ffeb5d13c16676623ed5b232ffb697390866cee8bc2cdcf2313cd9c60,efc15f6cc2b40bd3b18688a88557d18ed1d7c7a49f6377ffb18ec24edd35531a,47b0986d74675673a8c7e03a7b6d7012790d7cb10c1622bf699179f0046c3e00,gn33,2026-07-26T08:26:56+00:00,4a05ab762f21b3c4dc1036da0ee0db283a6bf357,4a05ab762f21b3c4dc1036da0ee0db283a6bf357,False,b58ccd2f81fd246f27c1e8d88cf86484cd888703,b58ccd2f81fd246f27c1e8d88cf86484cd888703,False
fsr4x8_c_seed4,/cephhome/eunikhilr/campaigns/fsr4x8_4a05ab7/unitree_rl_mjlab/logs/rsl_rl/z1_hammer/2026-07-26_09-55-46_fsr4x8_c_seed4/model_499.pt,/cephhome/eunikhilr/campaigns/fsr4x8_4a05ab7/unitree_rl_mjlab/logs/rsl_rl/z1_hammer/2026-07-26_09-55-46_fsr4x8_c_seed4/model_499.pt,1522e0ce1259e743719e30585322c0f9db522499b0859fb8fcc3789d4d3fd4d1,Unitree-Z1-Hammer-CaT-Impulse,C,4,256,400,4.0,2026072900,0.0,8.0,2.0,0.6094,13078,1.0242805480957031,0.5623791217803955,0.8228613138198853,0.40965110063552856,0.6026202440261841,0.10160648822784424,0.5983644723892212,0.4099687337875366,0.3770471513271332,0.21257451176643372,0.3452744781970978,0.048729702830314636,0.6245613098144531,0.21491722762584686,0.5283310413360596,0.1839822679758072,1.0,31.87985610961914,0.389875203371048,7.765789985656738,0.9053051471710205,0,0,512,1.0,0.6420263648033142,0.5119295120239258,2,39.79851582751023,0.031519066455431066,512,0.009718427460575944,0.701171875,0.31366596659535007,0.16506040717164674,0,1.0,0.0,506,0.98828125,0,1.3204560227459297,1.3367031269008294,6,0.3605988587161877,0.3828125,0.3921179251716188,1.0,0.06011561768320704,1.4881683932953447,1.0,0.9609375,2184,4.368,5.350339889526367,2.208839889526367,0.0,3,0.69140625,1950,3.9000000000000004,1.0,17193,34.386,21327,42.654,1.0,0.8046875,1.3361136040433121,0.32038037399033276,0.2149957328429683,512,2056072941,2036072919,2046072933,-0.05,0.05,True,False,first_two_completions_per_environment,True,0.002,10,a8252c853dd0059c89cff357e8e542fc6d097ecc9ef2652768ca0ef83d8aa269,56e59da46050a16c2005cb1872632ed81d41f82b48ae5c94beaca8fea44790ec,1522e0ce1259e743719e30585322c0f9db522499b0859fb8fcc3789d4d3fd4d1,4519528ca0c3b2d0e537730758344c312400a1872b80ea950b541a819875687f,4a05ab762f21b3c4dc1036da0ee0db283a6bf357,b58ccd2f81fd246f27c1e8d88cf86484cd888703,/cephhome/eunikhilr/unitree_rl_mjlab_eval/fsr4x8/attempt1/fsr4x8_c_seed4_1522e0ce1259e743_b00231e99da870380f13a7f42a801ada02e0bfa9abc0978946bc25c1b59ae9c9_sampled_traces.npz,b00231e99da870380f13a7f42a801ada02e0bfa9abc0978946bc25c1b59ae9c9,50c66bb5e0f4922833d49c7bba080f1b1f24413634efe1b33489a682b3a157d2,1b02843ffeb5d13c16676623ed5b232ffb697390866cee8bc2cdcf2313cd9c60,efc15f6cc2b40bd3b18688a88557d18ed1d7c7a49f6377ffb18ec24edd35531a,47b0986d74675673a8c7e03a7b6d7012790d7cb10c1622bf699179f0046c3e00,gn33,2026-07-26T08:28:32+00:00,4a05ab762f21b3c4dc1036da0ee0db283a6bf357,4a05ab762f21b3c4dc1036da0ee0db283a6bf357,False,b58ccd2f81fd246f27c1e8d88cf86484cd888703,b58ccd2f81fd246f27c1e8d88cf86484cd888703,False
fsr4x8_c_seed5,/cephhome/eunikhilr/campaigns/fsr4x8_4a05ab7/unitree_rl_mjlab/logs/rsl_rl/z1_hammer/2026-07-26_09-55-46_fsr4x8_c_seed5/model_499.pt,/cephhome/eunikhilr/campaigns/fsr4x8_4a05ab7/unitree_rl_mjlab/logs/rsl_rl/z1_hammer/2026-07-26_09-55-46_fsr4x8_c_seed5/model_499.pt,9e495fe0c3040086db39b8a5c21272d9a37b93e5f8254dee666d783b2bbed36b,Unitree-Z1-Hammer-CaT-Impulse,C,5,256,400,4.0,2026072900,0.0,8.0,2.0,0.6094,13034,1.2955842018127441,0.5297075510025024,1.095943570137024,0.44346675276756287,0.670637309551239,0.10023089498281479,0.5778185129165649,0.3894149363040924,0.398080974817276,0.23658092319965363,0.34147030115127563,0.038243405520915985,0.7899903655052185,0.2117581069469452,0.48828017711639404,0.15930120646953583,1.0,31.919103622436523,0.3140091300010681,7.7881693840026855,0.9675996899604797,0,0,512,1.0,0.7219220995903015,0.4976932406425476,2,38.62228926952421,0.030574756840186942,512,0.01023861735365671,0.64453125,0.30722306177020076,0.15021321550011635,0,1.0,0.0,500,0.9765625,0,1.337707543396391,1.3694851646432653,12,0.3188750440865332,0.50390625,0.3494498009267201,1.0,0.054602666358115476,1.4350225807976735,1.0,0.923828125,2015,4.03,5.293573379516602,2.1520733795166014,0.0,2,0.572265625,1759,3.5180000000000002,1.0,17601,35.202,21375,42.75,1.0,0.82421875,1.3698125244379045,0.3265937756637174,0.25265336498525015,512,2056072941,2036072919,2046072933,-0.05,0.05,True,False,first_two_completions_per_environment,True,0.002,10,a8252c853dd0059c89cff357e8e542fc6d097ecc9ef2652768ca0ef83d8aa269,56e59da46050a16c2005cb1872632ed81d41f82b48ae5c94beaca8fea44790ec,9e495fe0c3040086db39b8a5c21272d9a37b93e5f8254dee666d783b2bbed36b,4519528ca0c3b2d0e537730758344c312400a1872b80ea950b541a819875687f,4a05ab762f21b3c4dc1036da0ee0db283a6bf357,b58ccd2f81fd246f27c1e8d88cf86484cd888703,/cephhome/eunikhilr/unitree_rl_mjlab_eval/fsr4x8/attempt1/fsr4x8_c_seed5_9e495fe0c3040086_601763ddef89ba670c9e91aed5ef6e3d9f40b20e254007a5aecf5e673efee1e2_sampled_traces.npz,601763ddef89ba670c9e91aed5ef6e3d9f40b20e254007a5aecf5e673efee1e2,f65aa8a067f9961bd9d4d15ba3428168eb3e131e6993f78e03e4888e19e1070c,1b02843ffeb5d13c16676623ed5b232ffb697390866cee8bc2cdcf2313cd9c60,efc15f6cc2b40bd3b18688a88557d18ed1d7c7a49f6377ffb18ec24edd35531a,47b0986d74675673a8c7e03a7b6d7012790d7cb10c1622bf699179f0046c3e00,gn33,2026-07-26T08:30:07+00:00,4a05ab762f21b3c4dc1036da0ee0db283a6bf357,4a05ab762f21b3c4dc1036da0ee0db283a6bf357,False,b58ccd2f81fd246f27c1e8d88cf86484cd888703,b58ccd2f81fd246f27c1e8d88cf86484cd888703,False
fsr4x8_c_seed6,/cephhome/eunikhilr/campaigns/fsr4x8_4a05ab7/unitree_rl_mjlab/logs/rsl_rl/z1_hammer/2026-07-26_09-55-46_fsr4x8_c_seed6/model_499.pt,/cephhome/eunikhilr/campaigns/fsr4x8_4a05ab7/unitree_rl_mjlab/logs/rsl_rl/z1_hammer/2026-07-26_09-55-46_fsr4x8_c_seed6/model_499.pt,17c9a92fcd1366d86739cfcb440a5a77e0d2673df34897a128d947d759497a86,Unitree-Z1-Hammer-CaT-Impulse,C,6,256,400,4.0,2026072900,0.0,8.0,2.0,0.6094,13433,0.9990785121917725,0.4635993242263794,0.6902325749397278,0.3492280840873718,0.5493355989456177,0.08554964512586594,0.5202208161354065,0.3691600561141968,0.38154685497283936,0.24634425342082977,0.3067348003387451,0.03926871344447136,0.6091942191123962,0.2477426379919052,0.5422012805938721,0.13068577647209167,1.0,31.944005966186523,0.27415385842323303,7.559145450592041,0.8974045515060425,0,0,512,1.0,0.5335335731506348,0.5280669927597046,2,29.316732033560843,0.03261015423290366,512,0.011798180680706493,0.513671875,0.3108996844093781,0.0,0,1.0,0.0,512,1.0,0,1.3856372989248484,1.3856372989248484,0,0.43112613851179893,0.189453125,0.46373629274470257,1.0,0.03540358599761662,1.1718704562271136,0.99609375,0.798828125,1602,3.204,4.983384132385254,1.8418841323852537,0.0,2,0.140625,283,0.5660000000000001,0.99609375,4121,8.242,6006,12.012,0.99609375,0.923828125,1.3856372989248484,0.3708470232374852,0.7031953459306176,512,2056072941,2036072919,2046072933,-0.05,0.05,True,False,first_two_completions_per_environment,True,0.002,10,a8252c853dd0059c89cff357e8e542fc6d097ecc9ef2652768ca0ef83d8aa269,56e59da46050a16c2005cb1872632ed81d41f82b48ae5c94beaca8fea44790ec,17c9a92fcd1366d86739cfcb440a5a77e0d2673df34897a128d947d759497a86,4519528ca0c3b2d0e537730758344c312400a1872b80ea950b541a819875687f,4a05ab762f21b3c4dc1036da0ee0db283a6bf357,b58ccd2f81fd246f27c1e8d88cf86484cd888703,/cephhome/eunikhilr/unitree_rl_mjlab_eval/fsr4x8/attempt1/fsr4x8_c_seed6_17c9a92fcd1366d8_3b84d99f917216abaeccf411f5af006e358b904d86a97637e5481af56428951e_sampled_traces.npz,3b84d99f917216abaeccf411f5af006e358b904d86a97637e5481af56428951e,5402318d4916cbd2cd81d20b212ebe18bdd3df712205601049cc0e4fa12f07b2,1b02843ffeb5d13c16676623ed5b232ffb697390866cee8bc2cdcf2313cd9c60,efc15f6cc2b40bd3b18688a88557d18ed1d7c7a49f6377ffb18ec24edd35531a,47b0986d74675673a8c7e03a7b6d7012790d7cb10c1622bf699179f0046c3e00,gn33,2026-07-26T08:31:46+00:00,4a05ab762f21b3c4dc1036da0ee0db283a6bf357,4a05ab762f21b3c4dc1036da0ee0db283a6bf357,False,b58ccd2f81fd246f27c1e8d88cf86484cd888703,b58ccd2f81fd246f27c1e8d88cf86484cd888703,False
fsr4x8_c_seed7,/cephhome/eunikhilr/campaigns/fsr4x8_4a05ab7/unitree_rl_mjlab/logs/rsl_rl/z1_hammer/2026-07-26_09-55-46_fsr4x8_c_seed7/model_499.pt,/cephhome/eunikhilr/campaigns/fsr4x8_4a05ab7/unitree_rl_mjlab/logs/rsl_rl/z1_hammer/2026-07-26_09-55-46_fsr4x8_c_seed7/model_499.pt,b1b0ba0459cfd9c2e19cf649f3dcc3b79385f5878b9dc163a29b9e0bd1a876ee,Unitree-Z1-Hammer-CaT-Impulse,C,7,256,400,4.0,2026072900,0.0,8.0,2.0,0.6094,13352,0.9423863291740417,0.5276607275009155,0.8504167795181274,0.3435351252555847,0.595119833946228,0.1162199079990387,0.47882169485092163,0.414211243391037,0.25681284070014954,0.18780891597270966,0.3037759065628052,0.0477328822016716,0.5746257901191711,0.20581917464733124,0.5658114552497864,0.1769075244665146,1.0,31.89857292175293,0.3636478781700134,7.606800556182861,0.8110216856002808,0,0,512,1.0,0.5255089998245239,0.5672551989555359,2,41.75206902499601,0.034969199317409744,512,0.00952585903503395,0.736328125,0.32603847204822384,0.18971674144268036,0,1.0,0.0,511,0.998046875,0,1.3099736102158204,1.312715060194023,1,0.3788548916610358,0.38671875,0.41382409097844547,1.0,0.057427830202610594,1.416703046957779,1.0,0.927734375,2142,4.284,5.124396800994873,1.9828968009948729,0.0,2,0.783203125,2579,5.158,1.0,15057,30.114,19778,39.556,1.0,0.875,1.312537159355186,0.3668999251574581,0.21863413708852092,512,2056072941,2036072919,2046072933,-0.05,0.05,True,False,first_two_completions_per_environment,True,0.002,10,a8252c853dd0059c89cff357e8e542fc6d097ecc9ef2652768ca0ef83d8aa269,56e59da46050a16c2005cb1872632ed81d41f82b48ae5c94beaca8fea44790ec,b1b0ba0459cfd9c2e19cf649f3dcc3b79385f5878b9dc163a29b9e0bd1a876ee,4519528ca0c3b2d0e537730758344c312400a1872b80ea950b541a819875687f,4a05ab762f21b3c4dc1036da0ee0db283a6bf357,b58ccd2f81fd246f27c1e8d88cf86484cd888703,/cephhome/eunikhilr/unitree_rl_mjlab_eval/fsr4x8/attempt1/fsr4x8_c_seed7_b1b0ba0459cfd9c2_d6ad8117af325306be548c23717f89f85c1d33646ca0d2fdfd1f742a7b229eb9_sampled_traces.npz,d6ad8117af325306be548c23717f89f85c1d33646ca0d2fdfd1f742a7b229eb9,e918163da045ea54f0eba9a81197b1ae5a1125066ad495b7906e3be52352424d,1b02843ffeb5d13c16676623ed5b232ffb697390866cee8bc2cdcf2313cd9c60,efc15f6cc2b40bd3b18688a88557d18ed1d7c7a49f6377ffb18ec24edd35531a,47b0986d74675673a8c7e03a7b6d7012790d7cb10c1622bf699179f0046c3e00,gn33,2026-07-26T08:33:23+00:00,4a05ab762f21b3c4dc1036da0ee0db283a6bf357,4a05ab762f21b3c4dc1036da0ee0db283a6bf357,False,b58ccd2f81fd246f27c1e8d88cf86484cd888703,b58ccd2f81fd246f27c1e8d88cf86484cd888703,False
fsr4x8_dprime_seed0,/cephhome/eunikhilr/campaigns/fsr4x8_4a05ab7/unitree_rl_mjlab/logs/rsl_rl/z1_hammer/2026-07-26_09-55-44_fsr4x8_dprime_seed0/model_499.pt,/cephhome/eunikhilr/campaigns/fsr4x8_4a05ab7/unitree_rl_mjlab/logs/rsl_rl/z1_hammer/2026-07-26_09-55-44_fsr4x8_dprime_seed0/model_499.pt,d75ed38049418e6a75137afb59d209413b0ae3bfc6072bad8a931728ba022c4e,Unitree-Z1-Hammer-CaT-Impulse-FirstStrike-Legacy,D-prime,0,256,400,4.0,2026072900,0.0,8.0,2.0,0.6094,14406,1.544342041015625,0.4762234091758728,0.7484896183013916,0.3367229700088501,1.0095291137695312,0.10307338833808899,0.6893312931060791,0.36718446016311646,0.2767757177352905,0.18832296133041382,0.41467714309692383,0.04569431021809578,0.9416719675064087,0.22021347284317017,0.5333583354949951,0.15105324983596802,1.0,31.950815200805664,0.2509363889694214,7.0522003173828125,0.8957745432853699,0,0,512,1.0,0.8653908371925354,0.5200409889221191,2,23.283514781020955,0.031993920083064974,512,0.018744006269651815,0.08203125,0.31122222235974145,0.19987624883651733,0,1.0,0.0,510,0.99609375,0,1.4511171400081366,1.4565359894186258,2,0.20598331742255943,0.94140625,0.23797723750562438,1.0,0.04476997597273008,1.2128283293780493,0.9921875,0.935546875,3837,7.674,5.238456726074219,2.0969567260742186,0.0,2,0.765625,2218,4.436,0.755859375,1351,2.702,7406,14.812000000000001,0.9921875,0.837890625,1.456807795459149,0.3388048195686531,0.6384019639448935,512,2056072941,2036072919,2046072933,-0.05,0.05,True,False,first_two_completions_per_environment,True,0.002,10,a8252c853dd0059c89cff357e8e542fc6d097ecc9ef2652768ca0ef83d8aa269,56e59da46050a16c2005cb1872632ed81d41f82b48ae5c94beaca8fea44790ec,d75ed38049418e6a75137afb59d209413b0ae3bfc6072bad8a931728ba022c4e,4519528ca0c3b2d0e537730758344c312400a1872b80ea950b541a819875687f,4a05ab762f21b3c4dc1036da0ee0db283a6bf357,b58ccd2f81fd246f27c1e8d88cf86484cd888703,/cephhome/eunikhilr/unitree_rl_mjlab_eval/fsr4x8/attempt1/fsr4x8_dprime_seed0_d75ed38049418e6a_886cc1a7f86d0ecbd0aee53941a707d0183a3cdeaeb4b60538dd10686029070b_sampled_traces.npz,886cc1a7f86d0ecbd0aee53941a707d0183a3cdeaeb4b60538dd10686029070b,e2b9abc27c0927235bcbe0fb14651dd22882f11cb588cd11777aef05195c8529,1b02843ffeb5d13c16676623ed5b232ffb697390866cee8bc2cdcf2313cd9c60,da20f347fea42cc43afcef0da6a6106be8f78a70ff26936f92778424d4c4df6b,47b0986d74675673a8c7e03a7b6d7012790d7cb10c1622bf699179f0046c3e00,gn33,2026-07-26T08:35:09+00:00,4a05ab762f21b3c4dc1036da0ee0db283a6bf357,4a05ab762f21b3c4dc1036da0ee0db283a6bf357,False,b58ccd2f81fd246f27c1e8d88cf86484cd888703,b58ccd2f81fd246f27c1e8d88cf86484cd888703,False
fsr4x8_dprime_seed1,/cephhome/eunikhilr/campaigns/fsr4x8_4a05ab7/unitree_rl_mjlab/logs/rsl_rl/z1_hammer/2026-07-26_09-55-44_fsr4x8_dprime_seed1/model_499.pt,/cephhome/eunikhilr/campaigns/fsr4x8_4a05ab7/unitree_rl_mjlab/logs/rsl_rl/z1_hammer/2026-07-26_09-55-44_fsr4x8_dprime_seed1/model_499.pt,5bf021f32fe3470785dab1b8fee93d555b233cba0142f9517d4c91270d80c626,Unitree-Z1-Hammer-CaT-Impulse-FirstStrike-Legacy,D-prime,1,256,400,4.0,2026072900,0.0,8.0,2.0,0.6094,14195,1.6084542274475098,0.4616348147392273,0.5754246711730957,0.3544232249259949,1.0097522735595703,0.10094553232192993,0.5399124026298523,0.365322083234787,0.280653715133667,0.20432992279529572,0.3606041669845581,0.04453142359852791,0.9807648062705994,0.18713273108005524,0.5132881999015808,0.15088433027267456,1.0,31.939674377441406,0.28037136793136597,7.157238483428955,0.967305600643158,0,0,512,1.0,0.7650381326675415,0.5116946697235107,2,23.947360296369112,0.031336662475256266,512,0.01720243898315378,0.146484375,0.31055367213817453,0.20640810082356134,0,1.0,0.0,506,0.98828125,0,1.4152842399198562,1.4340158505365252,6,0.20911526008437292,0.91796875,0.2404519225596292,1.0,0.034434381673550216,1.1807859665787819,0.98828125,0.92578125,3196,6.392,5.555936813354492,2.414436813354492,0.0,3,0.634765625,1791,3.5820000000000003,0.927734375,5064,10.128,10051,20.102,0.98828125,0.83984375,1.4320662664801707,0.336766343652678,0.8012750016280278,512,2056072941,2036072919,2046072933,-0.05,0.05,True,False,first_two_completions_per_environment,True,0.002,10,a8252c853dd0059c89cff357e8e542fc6d097ecc9ef2652768ca0ef83d8aa269,56e59da46050a16c2005cb1872632ed81d41f82b48ae5c94beaca8fea44790ec,5bf021f32fe3470785dab1b8fee93d555b233cba0142f9517d4c91270d80c626,4519528ca0c3b2d0e537730758344c312400a1872b80ea950b541a819875687f,4a05ab762f21b3c4dc1036da0ee0db283a6bf357,b58ccd2f81fd246f27c1e8d88cf86484cd888703,/cephhome/eunikhilr/unitree_rl_mjlab_eval/fsr4x8/attempt1/fsr4x8_dprime_seed1_5bf021f32fe34707_789939e73ba34f72f4c909365f0477efab09ebbb4d1bf850492d1502379c5ac5_sampled_traces.npz,789939e73ba34f72f4c909365f0477efab09ebbb4d1bf850492d1502379c5ac5,6def8cc3e0a02bb370c63b66fbf384b2bc0565aaa0b73f1adf45a4dbda8ec72b,1b02843ffeb5d13c16676623ed5b232ffb697390866cee8bc2cdcf2313cd9c60,da20f347fea42cc43afcef0da6a6106be8f78a70ff26936f92778424d4c4df6b,47b0986d74675673a8c7e03a7b6d7012790d7cb10c1622bf699179f0046c3e00,gn33,2026-07-26T08:36:48+00:00,4a05ab762f21b3c4dc1036da0ee0db283a6bf357,4a05ab762f21b3c4dc1036da0ee0db283a6bf357,False,b58ccd2f81fd246f27c1e8d88cf86484cd888703,b58ccd2f81fd246f27c1e8d88cf86484cd888703,False
fsr4x8_dprime_seed2,/cephhome/eunikhilr/campaigns/fsr4x8_4a05ab7/unitree_rl_mjlab/logs/rsl_rl/z1_hammer/2026-07-26_09-55-46_fsr4x8_dprime_seed2/model_499.pt,/cephhome/eunikhilr/campaigns/fsr4x8_4a05ab7/unitree_rl_mjlab/logs/rsl_rl/z1_hammer/2026-07-26_09-55-46_fsr4x8_dprime_seed2/model_499.pt,6be323b74e31abaf400b4cc4abf094b272cc08a99699df60d3710dc243d17bcd,Unitree-Z1-Hammer-CaT-Impulse-FirstStrike-Legacy,D-prime,2,256,400,4.0,2026072900,0.0,8.0,2.0,0.6094,14408,1.0668914318084717,0.4379274547100067,0.6225302815437317,0.27797842025756836,0.6931897401809692,0.08860616385936737,0.6156811118125916,0.365388423204422,0.2833353877067566,0.18744276463985443,0.39216893911361694,0.04326387494802475,0.6505435705184937,0.19913600385189056,0.53643399477005,0.15420269966125488,1.0,31.95024871826172,0.2466905117034912,7.051776885986328,0.874167263507843,0,0,512,1.0,0.8030680418014526,0.5237194895744324,2,20.068160670787627,0.03233708575170337,512,0.019555120892746615,0.03515625,0.3162872496759519,0.0,0,1.0,0.0,512,1.0,0,1.4591687803622335,1.4591687803622335,0,0.21047218280952215,0.966796875,0.24280926856122553,1.0,0.04131204710035916,1.186390817441655,0.998046875,0.953125,3903,7.806,4.931607246398926,1.7901072463989256,0.0,2,0.78515625,2184,4.368,0.677734375,1135,2.27,7222,14.444,0.998046875,0.833984375,1.4591687803622335,0.3364653404842492,0.6296075764744835,512,2056072941,2036072919,2046072933,-0.05,0.05,True,False,first_two_completions_per_environment,True,0.002,10,a8252c853dd0059c89cff357e8e542fc6d097ecc9ef2652768ca0ef83d8aa269,56e59da46050a16c2005cb1872632ed81d41f82b48ae5c94beaca8fea44790ec,6be323b74e31abaf400b4cc4abf094b272cc08a99699df60d3710dc243d17bcd,4519528ca0c3b2d0e537730758344c312400a1872b80ea950b541a819875687f,4a05ab762f21b3c4dc1036da0ee0db283a6bf357,b58ccd2f81fd246f27c1e8d88cf86484cd888703,/cephhome/eunikhilr/unitree_rl_mjlab_eval/fsr4x8/attempt1/fsr4x8_dprime_seed2_6be323b74e31abaf_3743819673482be40ab2220ca618f7136bd6c81825b7c67f9a39919e4e454ccc_sampled_traces.npz,3743819673482be40ab2220ca618f7136bd6c81825b7c67f9a39919e4e454ccc,b989997c4956f5480810ba201a73491bbd0a6d57fe4dc5bde941f8e12b22258b,1b02843ffeb5d13c16676623ed5b232ffb697390866cee8bc2cdcf2313cd9c60,da20f347fea42cc43afcef0da6a6106be8f78a70ff26936f92778424d4c4df6b,47b0986d74675673a8c7e03a7b6d7012790d7cb10c1622bf699179f0046c3e00,gn33,2026-07-26T08:38:22+00:00,4a05ab762f21b3c4dc1036da0ee0db283a6bf357,4a05ab762f21b3c4dc1036da0ee0db283a6bf357,False,b58ccd2f81fd246f27c1e8d88cf86484cd888703,b58ccd2f81fd246f27c1e8d88cf86484cd888703,False
fsr4x8_dprime_seed3,/cephhome/eunikhilr/campaigns/fsr4x8_4a05ab7/unitree_rl_mjlab/logs/rsl_rl/z1_hammer/2026-07-26_09-55-46_fsr4x8_dprime_seed3/model_499.pt,/cephhome/eunikhilr/campaigns/fsr4x8_4a05ab7/unitree_rl_mjlab/logs/rsl_rl/z1_hammer/2026-07-26_09-55-46_fsr4x8_dprime_seed3/model_499.pt,6dcca03649f387a5548b1f60258712437ad67d83d68c0ecacaa66c2f360e0442,Unitree-Z1-Hammer-CaT-Impulse-FirstStrike-Legacy,D-prime,3,256,400,4.0,2026072900,0.0,8.0,2.0,0.6094,512,0.0,0.0,0.0,0.0,0.0,0.0,0.0,0.0,0.0,0.0,0.0,0.0,0.0,0.0,0.0,0.0,0.0,0.0,0.0,200.0,0.0,0,0,512,0.0,0.0,0.0,2,0.0,0.0,0,0.0,0.0,0.0,0.0,512,0.0,0.0,0,0.0,0,0.0,0.0,0,0.0,0.0,0.0,0.0,0.0,0.0,1.0,0.0,0,0.0,5.94892692565918,2.8074269256591795,0.0,1,0.0,0,0.0,1.0,89433,178.866,89433,178.866,1.0,0.0,0.0,0.0,0.0,0,2056072941,2036072919,2046072933,-0.05,0.05,True,False,first_two_completions_per_environment,True,0.002,10,a8252c853dd0059c89cff357e8e542fc6d097ecc9ef2652768ca0ef83d8aa269,56e59da46050a16c2005cb1872632ed81d41f82b48ae5c94beaca8fea44790ec,6dcca03649f387a5548b1f60258712437ad67d83d68c0ecacaa66c2f360e0442,4519528ca0c3b2d0e537730758344c312400a1872b80ea950b541a819875687f,4a05ab762f21b3c4dc1036da0ee0db283a6bf357,b58ccd2f81fd246f27c1e8d88cf86484cd888703,/cephhome/eunikhilr/unitree_rl_mjlab_eval/fsr4x8/attempt1/fsr4x8_dprime_seed3_6dcca03649f387a5_0e0992ecacb0515a0ddc41529868960d4a06255458deec547c60a023bea2e315_sampled_traces.npz,0e0992ecacb0515a0ddc41529868960d4a06255458deec547c60a023bea2e315,89f1e9ef758f7ae03391f40f03f07bbbbaf144ec10cacb6bab3a120529f94b23,1b02843ffeb5d13c16676623ed5b232ffb697390866cee8bc2cdcf2313cd9c60,da20f347fea42cc43afcef0da6a6106be8f78a70ff26936f92778424d4c4df6b,47b0986d74675673a8c7e03a7b6d7012790d7cb10c1622bf699179f0046c3e00,gn33,2026-07-26T08:41:55+00:00,4a05ab762f21b3c4dc1036da0ee0db283a6bf357,4a05ab762f21b3c4dc1036da0ee0db283a6bf357,False,b58ccd2f81fd246f27c1e8d88cf86484cd888703,b58ccd2f81fd246f27c1e8d88cf86484cd888703,False
fsr4x8_dprime_seed4,/cephhome/eunikhilr/campaigns/fsr4x8_4a05ab7/unitree_rl_mjlab/logs/rsl_rl/z1_hammer/2026-07-26_09-55-46_fsr4x8_dprime_seed4/model_499.pt,/cephhome/eunikhilr/campaigns/fsr4x8_4a05ab7/unitree_rl_mjlab/logs/rsl_rl/z1_hammer/2026-07-26_09-55-46_fsr4x8_dprime_seed4/model_499.pt,7184afc03d6f6926f59fd7c339a651b9e66e4bc8dc7329f43b07354698e33bcc,Unitree-Z1-Hammer-CaT-Impulse-FirstStrike-Legacy,D-prime,4,256,400,4.0,2026072900,0.0,8.0,2.0,0.6094,13806,1.339980125427246,0.539191484451294,1.067345380783081,0.4733618497848511,0.7641488313674927,0.09007357060909271,0.6450316905975342,0.385775089263916,0.4596174955368042,0.2819175720214844,0.37458425760269165,0.03792547062039375,0.8170610666275024,0.22805452346801758,0.48793572187423706,0.15885396301746368,1.0,31.9284610748291,0.30366411805152893,7.357090950012207,0.954052746295929,0,0,512,1.0,0.5646182298660278,0.48364269733428955,2,24.79866199011488,0.02965747045952072,512,0.011605456538157345,0.52734375,0.3110572515749464,0.21798400580883026,0,1.0,0.0,510,0.99609375,0,1.428835399216041,1.4343977305106819,2,0.19569208739885133,0.396484375,0.22534955785837202,1.0,0.05287248215461311,1.3680180355589648,1.0,0.63671875,1793,3.5860000000000003,5.349441051483154,2.207941051483154,0.0,2,0.44140625,1041,2.082,1.0,12121,24.242,14955,29.91,1.0,0.728515625,1.434438675291398,0.28771675432503896,0.3732819072748623,512,2056072941,2036072919,2046072933,-0.05,0.05,True,False,first_two_completions_per_environment,True,0.002,10,a8252c853dd0059c89cff357e8e542fc6d097ecc9ef2652768ca0ef83d8aa269,56e59da46050a16c2005cb1872632ed81d41f82b48ae5c94beaca8fea44790ec,7184afc03d6f6926f59fd7c339a651b9e66e4bc8dc7329f43b07354698e33bcc,4519528ca0c3b2d0e537730758344c312400a1872b80ea950b541a819875687f,4a05ab762f21b3c4dc1036da0ee0db283a6bf357,b58ccd2f81fd246f27c1e8d88cf86484cd888703,/cephhome/eunikhilr/unitree_rl_mjlab_eval/fsr4x8/attempt1/fsr4x8_dprime_seed4_7184afc03d6f6926_d3e6524b4fe50e4a84a9bc4176c31c088baaae02a01c0022dd281c56611e46e4_sampled_traces.npz,d3e6524b4fe50e4a84a9bc4176c31c088baaae02a01c0022dd281c56611e46e4,351391d7409f65ae6fe8dcec91d16aff09cae6a905a5af29dbe5718e207bd99f,1b02843ffeb5d13c16676623ed5b232ffb697390866cee8bc2cdcf2313cd9c60,da20f347fea42cc43afcef0da6a6106be8f78a70ff26936f92778424d4c4df6b,47b0986d74675673a8c7e03a7b6d7012790d7cb10c1622bf699179f0046c3e00,gn33,2026-07-26T08:43:32+00:00,4a05ab762f21b3c4dc1036da0ee0db283a6bf357,4a05ab762f21b3c4dc1036da0ee0db283a6bf357,False,b58ccd2f81fd246f27c1e8d88cf86484cd888703,b58ccd2f81fd246f27c1e8d88cf86484cd888703,False
fsr4x8_dprime_seed5,/cephhome/eunikhilr/campaigns/fsr4x8_4a05ab7/unitree_rl_mjlab/logs/rsl_rl/z1_hammer/2026-07-26_09-55-44_fsr4x8_dprime_seed5/model_499.pt,/cephhome/eunikhilr/campaigns/fsr4x8_4a05ab7/unitree_rl_mjlab/logs/rsl_rl/z1_hammer/2026-07-26_09-55-44_fsr4x8_dprime_seed5/model_499.pt,d88899117a2e0b73aac3b249a0cf5e078b0603409cef36f73c964562aa3b2d39,Unitree-Z1-Hammer-CaT-Impulse-FirstStrike-Legacy,D-prime,5,256,400,4.0,2026072900,0.0,8.0,2.0,0.6094,1059,1.4631963968276978,0.5750112533569336,1.222054123878479,1.9538387060165405,0.9405606389045715,0.09691499918699265,0.6256988644599915,0.24951998889446259,0.6128246784210205,0.33260396122932434,0.3345661163330078,0.032115623354911804,1.191365122795105,0.19501370191574097,0.2522423565387726,0.1457197517156601,0.7355996222851747,25.233917236328125,12.134157180786133,64.65816497802734,85.5609130859375,0,0,512,0.681640625,1.0550189018249512,0.2701877951622009,2,50.44695616991447,0.009955765624330131,494,0.019238489227019345,0.171875,0.285502246529498,0.08120296434876886,18,0.841796875,0.0,235,0.458984375,0,0.6147167441085912,1.1205523602272336,259,0.08438690609723312,0.9331983805668016,0.09434267172156326,0.681640625,0.11969020781771406,4.100673493557511,1.0,0.931640625,4020,8.040000000000001,7.80845308303833,4.6669530830383295,0.0,3,0.74609375,111133,222.266,1.0,58591,117.182,173744,347.488,1.0,0.46875,1.3392977573770157,0.29055367588842584,0.2914456266105863,494,2056072941,2036072919,2046072933,-0.05,0.05,True,False,first_two_completions_per_environment,True,0.002,10,a8252c853dd0059c89cff357e8e542fc6d097ecc9ef2652768ca0ef83d8aa269,56e59da46050a16c2005cb1872632ed81d41f82b48ae5c94beaca8fea44790ec,d88899117a2e0b73aac3b249a0cf5e078b0603409cef36f73c964562aa3b2d39,4519528ca0c3b2d0e537730758344c312400a1872b80ea950b541a819875687f,4a05ab762f21b3c4dc1036da0ee0db283a6bf357,b58ccd2f81fd246f27c1e8d88cf86484cd888703,/cephhome/eunikhilr/unitree_rl_mjlab_eval/fsr4x8/attempt1/fsr4x8_dprime_seed5_d88899117a2e0b73_5abd90a48c3d3e0af08583ceb56c8b7f4ef46f8bc1208f416861080e4688ab2f_sampled_traces.npz,5abd90a48c3d3e0af08583ceb56c8b7f4ef46f8bc1208f416861080e4688ab2f,a9225d2a53eef7749ab1f58b741aeed473aabb023eeaddc5e899e5ddac2a19d6,1b02843ffeb5d13c16676623ed5b232ffb697390866cee8bc2cdcf2313cd9c60,da20f347fea42cc43afcef0da6a6106be8f78a70ff26936f92778424d4c4df6b,47b0986d74675673a8c7e03a7b6d7012790d7cb10c1622bf699179f0046c3e00,gn33,2026-07-26T08:48:46+00:00,4a05ab762f21b3c4dc1036da0ee0db283a6bf357,4a05ab762f21b3c4dc1036da0ee0db283a6bf357,False,b58ccd2f81fd246f27c1e8d88cf86484cd888703,b58ccd2f81fd246f27c1e8d88cf86484cd888703,False
fsr4x8_dprime_seed6,/cephhome/eunikhilr/campaigns/fsr4x8_4a05ab7/unitree_rl_mjlab/logs/rsl_rl/z1_hammer/2026-07-26_09-55-44_fsr4x8_dprime_seed6/model_499.pt,/cephhome/eunikhilr/campaigns/fsr4x8_4a05ab7/unitree_rl_mjlab/logs/rsl_rl/z1_hammer/2026-07-26_09-55-44_fsr4x8_dprime_seed6/model_499.pt,c4d30dd7391ad4a33b3f1fa58f3671f1556a352ccee246c8c75f0b5ce342f07b,Unitree-Z1-Hammer-CaT-Impulse-FirstStrike-Legacy,D-prime,6,256,400,4.0,2026072900,0.0,8.0,2.0,0.6094,14440,1.1767395734786987,0.4393818974494934,0.8226091265678406,0.27681347727775574,0.7765369415283203,0.06609557569026947,0.7033384442329407,0.3712407648563385,0.3471555709838867,0.18293654918670654,0.41264069080352783,0.035267174243927,0.7175241112709045,0.2063843160867691,0.5346698760986328,0.16394495964050293,1.0,31.947832107543945,0.2530006766319275,7.03518009185791,0.8775003552436829,0,0,512,1.0,0.78878253698349,0.5245183110237122,2,19.261626947946148,0.03218101087509127,512,0.019547236255632174,0.068359375,0.3162278073040519,0.21495460718870163,0,1.0,0.0,508,0.9921875,0,1.4533232194371521,1.4657300584949553,4,0.21077659936590531,0.9453125,0.24295761024099657,1.0,0.026923712124012653,1.0991826689578748,1.0,0.96875,4176,8.352,4.9887800216674805,1.8472800216674803,0.0,2,0.81640625,2409,4.8180000000000005,0.65234375,1018,2.036,7603,15.206,1.0,0.8125,1.46476670935398,0.32933103270712916,1.1261132787872872,512,2056072941,2036072919,2046072933,-0.05,0.05,True,False,first_two_completions_per_environment,True,0.002,10,a8252c853dd0059c89cff357e8e542fc6d097ecc9ef2652768ca0ef83d8aa269,56e59da46050a16c2005cb1872632ed81d41f82b48ae5c94beaca8fea44790ec,c4d30dd7391ad4a33b3f1fa58f3671f1556a352ccee246c8c75f0b5ce342f07b,4519528ca0c3b2d0e537730758344c312400a1872b80ea950b541a819875687f,4a05ab762f21b3c4dc1036da0ee0db283a6bf357,b58ccd2f81fd246f27c1e8d88cf86484cd888703,/cephhome/eunikhilr/unitree_rl_mjlab_eval/fsr4x8/attempt1/fsr4x8_dprime_seed6_c4d30dd7391ad4a3_58929f7ad466c5323afcbf6e71b6e66436b753edf35b6c250fdad3e720fa691c_sampled_traces.npz,58929f7ad466c5323afcbf6e71b6e66436b753edf35b6c250fdad3e720fa691c,4ae3109636d380b5f6352a8f856427d7421feb41261e2c3f147d8a5cbc2f50a5,1b02843ffeb5d13c16676623ed5b232ffb697390866cee8bc2cdcf2313cd9c60,da20f347fea42cc43afcef0da6a6106be8f78a70ff26936f92778424d4c4df6b,47b0986d74675673a8c7e03a7b6d7012790d7cb10c1622bf699179f0046c3e00,gn33,2026-07-26T08:50:24+00:00,4a05ab762f21b3c4dc1036da0ee0db283a6bf357,4a05ab762f21b3c4dc1036da0ee0db283a6bf357,False,b58ccd2f81fd246f27c1e8d88cf86484cd888703,b58ccd2f81fd246f27c1e8d88cf86484cd888703,False
fsr4x8_dprime_seed7,/cephhome/eunikhilr/campaigns/fsr4x8_4a05ab7/unitree_rl_mjlab/logs/rsl_rl/z1_hammer/2026-07-26_09-55-44_fsr4x8_dprime_seed7/model_499.pt,/cephhome/eunikhilr/campaigns/fsr4x8_4a05ab7/unitree_rl_mjlab/logs/rsl_rl/z1_hammer/2026-07-26_09-55-44_fsr4x8_dprime_seed7/model_499.pt,e9b78a999999cad46bbb3e448f8a6597a4229a8eddbde65f474301d80733387e,Unitree-Z1-Hammer-CaT-Impulse-FirstStrike-Legacy,D-prime,7,256,400,4.0,2026072900,0.0,8.0,2.0,0.6094,13900,1.3913636207580566,0.5253586769104004,1.0387603044509888,0.5105947852134705,0.7520440220832825,0.10539750754833221,0.5949046015739441,0.3883773982524872,0.4024463891983032,0.25755906105041504,0.3498205840587616,0.039021868258714676,0.8483924865722656,0.2250346839427948,0.5030717849731445,0.16241000592708588,1.0,31.929853439331055,0.29968100786209106,7.309352397918701,0.9934595823287964,0,0,512,1.0,0.7735016345977783,0.4990764260292053,2,28.798638511064798,0.030568445108901894,512,0.0101796758140461,0.64453125,0.3146106109899633,0.23439157754182816,0,1.0,0.0,510,0.99609375,0,1.3453081247862428,1.3505846275947988,2,0.19592350086603552,0.2421875,0.22649194597493738,1.0,0.05259635332069558,1.346924918341051,1.0,0.603515625,1605,3.21,5.599511623382568,2.458011623382568,0.0,3,0.482421875,1290,2.58,1.0,11163,22.326,14058,28.116,1.0,0.779296875,1.3505838429226595,0.3059643189523302,0.30173888684181427,512,2056072941,2036072919,2046072933,-0.05,0.05,True,False,first_two_completions_per_environment,True,0.002,10,a8252c853dd0059c89cff357e8e542fc6d097ecc9ef2652768ca0ef83d8aa269,56e59da46050a16c2005cb1872632ed81d41f82b48ae5c94beaca8fea44790ec,e9b78a999999cad46bbb3e448f8a6597a4229a8eddbde65f474301d80733387e,4519528ca0c3b2d0e537730758344c312400a1872b80ea950b541a819875687f,4a05ab762f21b3c4dc1036da0ee0db283a6bf357,b58ccd2f81fd246f27c1e8d88cf86484cd888703,/cephhome/eunikhilr/unitree_rl_mjlab_eval/fsr4x8/attempt1/fsr4x8_dprime_seed7_e9b78a999999cad4_343551f2ade493e93b87348b2430321cdc48a87b1d1b026b724e2174abe08791_sampled_traces.npz,343551f2ade493e93b87348b2430321cdc48a87b1d1b026b724e2174abe08791,499847272abcce4f9d981aeb676f4b51f31d3aec28c6a18e376d978b9e24b195,1b02843ffeb5d13c16676623ed5b232ffb697390866cee8bc2cdcf2313cd9c60,da20f347fea42cc43afcef0da6a6106be8f78a70ff26936f92778424d4c4df6b,47b0986d74675673a8c7e03a7b6d7012790d7cb10c1622bf699179f0046c3e00,gn33,2026-07-26T08:51:57+00:00,4a05ab762f21b3c4dc1036da0ee0db283a6bf357,4a05ab762f21b3c4dc1036da0ee0db283a6bf357,False,b58ccd2f81fd246f27c1e8d88cf86484cd888703,b58ccd2f81fd246f27c1e8d88cf86484cd888703,False
fsr4x8_f_seed0,/cephhome/eunikhilr/campaigns/fsr4x8_4a05ab7/unitree_rl_mjlab/logs/rsl_rl/z1_hammer/2026-07-26_09-55-28_fsr4x8_f_seed0/model_499.pt,/cephhome/eunikhilr/campaigns/fsr4x8_4a05ab7/unitree_rl_mjlab/logs/rsl_rl/z1_hammer/2026-07-26_09-55-28_fsr4x8_f_seed0/model_499.pt,3ef40e03ce3a8533d4055d69f93a78e13e115fad3655e14cfb9f70db887fbcb5,Unitree-Z1-Hammer-CaT-Impulse-Event-Linear,F,0,256,400,4.0,2026072900,0.0,8.0,2.0,0.3088,14280,1.2340335845947266,0.4459781050682068,0.8309451341629028,0.4328630566596985,0.7843163013458252,0.08575139939785004,0.39697542786598206,0.3099856674671173,0.20460255444049835,0.16858075559139252,0.23129574954509735,0.023407813161611557,0.7524595260620117,0.12539026141166687,0.38539937138557434,0.10998363047838211,1.0,31.889768600463867,0.358181357383728,7.113445281982422,0.9833767414093018,0,0,512,1.0,0.7047874927520752,0.38308969140052795,2,25.064399891617157,0.03649837336031386,512,0.014766527754757605,0.36328125,0.3004682314560169,0.19354305788874626,0,1.0,0.0,508,0.9921875,0,1.5933460022788495,1.6057507314253598,4,0.2415501007054271,0.658203125,0.278048474065741,1.0,0.043008366835252346,1.288706815608886,1.0,1.0,5372,10.744,5.42096471786499,2.27946471786499,0.0,2,0.8046875,1549,3.0980000000000003,1.0,10861,21.722,17782,35.564,1.0,0.505859375,1.6058920337928562,0.16661031142499327,0.669215824989725,512,2056072941,2036072919,2046072933,-0.05,0.05,True,False,first_two_completions_per_environment,True,0.002,10,a8252c853dd0059c89cff357e8e542fc6d097ecc9ef2652768ca0ef83d8aa269,56e59da46050a16c2005cb1872632ed81d41f82b48ae5c94beaca8fea44790ec,3ef40e03ce3a8533d4055d69f93a78e13e115fad3655e14cfb9f70db887fbcb5,4519528ca0c3b2d0e537730758344c312400a1872b80ea950b541a819875687f,4a05ab762f21b3c4dc1036da0ee0db283a6bf357,b58ccd2f81fd246f27c1e8d88cf86484cd888703,/cephhome/eunikhilr/unitree_rl_mjlab_eval/fsr4x8/attempt1/fsr4x8_f_seed0_3ef40e03ce3a8533_d606cc55e6ab12798982f07bd43e4039b37b45c4986c61be35b8b9e867384e09_sampled_traces.npz,d606cc55e6ab12798982f07bd43e4039b37b45c4986c61be35b8b9e867384e09,af7be11c824eb1819916ef66337e6cd70b16f349f6e68aa195a2741f3ce072e5,1b02843ffeb5d13c16676623ed5b232ffb697390866cee8bc2cdcf2313cd9c60,37c6d59d32cb36f69a5171c90fe92a78345b363d3ef203b9e2fc6369cdc0f285,47b0986d74675673a8c7e03a7b6d7012790d7cb10c1622bf699179f0046c3e00,gn33,2026-07-26T08:53:26+00:00,4a05ab762f21b3c4dc1036da0ee0db283a6bf357,4a05ab762f21b3c4dc1036da0ee0db283a6bf357,False,b58ccd2f81fd246f27c1e8d88cf86484cd888703,b58ccd2f81fd246f27c1e8d88cf86484cd888703,False
fsr4x8_f_seed1,/cephhome/eunikhilr/campaigns/fsr4x8_4a05ab7/unitree_rl_mjlab/logs/rsl_rl/z1_hammer/2026-07-26_09-55-44_fsr4x8_f_seed1/model_499.pt,/cephhome/eunikhilr/campaigns/fsr4x8_4a05ab7/unitree_rl_mjlab/logs/rsl_rl/z1_hammer/2026-07-26_09-55-44_fsr4x8_f_seed1/model_499.pt,36eebb88cc0414d1cb7d7791522b7142b15e90952aa912c3ea976f73243cd3cd,Unitree-Z1-Hammer-CaT-Impulse-Event-Linear,F,1,256,400,4.0,2026072900,0.0,8.0,2.0,0.3088,14010,1.1072579622268677,0.40623950958251953,0.8922972679138184,0.46951043605804443,0.7525918483734131,0.0873427465558052,0.47454729676246643,0.2621097266674042,0.4346407353878021,0.22045239806175232,0.28420814871788025,0.030121710151433945,0.6751573085784912,0.12318014353513718,0.3424873650074005,0.08366864919662476,1.0,31.862428665161133,0.4005894958972931,7.251748561859131,0.9743326902389526,0,0,512,1.0,0.5324278473854065,0.3452726900577545,2,25.79294073254606,0.036564008440890326,512,0.015061271457608834,0.326171875,0.30102324854648416,0.20039100448290506,0,1.0,0.0,509,0.994140625,0,1.588658276712522,1.5980549941305071,3,0.2401936526635995,0.712890625,0.27675766110448974,1.0,0.04853534427194013,1.3199127678783937,0.998046875,0.994140625,4309,8.618,5.400782585144043,2.259282585144043,0.0,2,0.318359375,320,0.64,0.998046875,11120,22.240000000000002,15749,31.498,0.998046875,0.365234375,1.5980216850232047,0.09542647134620433,0.6014174677436461,512,2056072941,2036072919,2046072933,-0.05,0.05,True,False,first_two_completions_per_environment,True,0.002,10,a8252c853dd0059c89cff357e8e542fc6d097ecc9ef2652768ca0ef83d8aa269,56e59da46050a16c2005cb1872632ed81d41f82b48ae5c94beaca8fea44790ec,36eebb88cc0414d1cb7d7791522b7142b15e90952aa912c3ea976f73243cd3cd,4519528ca0c3b2d0e537730758344c312400a1872b80ea950b541a819875687f,4a05ab762f21b3c4dc1036da0ee0db283a6bf357,b58ccd2f81fd246f27c1e8d88cf86484cd888703,/cephhome/eunikhilr/unitree_rl_mjlab_eval/fsr4x8/attempt1/fsr4x8_f_seed1_36eebb88cc0414d1_76b511db7d17d4c40a05d91f07591b7660822a52b58aeb7f4b4c42724c7647d1_sampled_traces.npz,76b511db7d17d4c40a05d91f07591b7660822a52b58aeb7f4b4c42724c7647d1,7e5655b161d56899479990d04b596f15f963ed62a3e7ad86d05f48fd334334e7,1b02843ffeb5d13c16676623ed5b232ffb697390866cee8bc2cdcf2313cd9c60,37c6d59d32cb36f69a5171c90fe92a78345b363d3ef203b9e2fc6369cdc0f285,47b0986d74675673a8c7e03a7b6d7012790d7cb10c1622bf699179f0046c3e00,gn33,2026-07-26T08:54:49+00:00,4a05ab762f21b3c4dc1036da0ee0db283a6bf357,4a05ab762f21b3c4dc1036da0ee0db283a6bf357,False,b58ccd2f81fd246f27c1e8d88cf86484cd888703,b58ccd2f81fd246f27c1e8d88cf86484cd888703,False
fsr4x8_f_seed2,/cephhome/eunikhilr/campaigns/fsr4x8_4a05ab7/unitree_rl_mjlab/logs/rsl_rl/z1_hammer/2026-07-26_09-55-44_fsr4x8_f_seed2/model_499.pt,/cephhome/eunikhilr/campaigns/fsr4x8_4a05ab7/unitree_rl_mjlab/logs/rsl_rl/z1_hammer/2026-07-26_09-55-44_fsr4x8_f_seed2/model_499.pt,771423e446c63b4adde46d595762c52082b344dbcead323a8e0474a11a0f4585,Unitree-Z1-Hammer-CaT-Impulse-Event-Linear,F,2,256,400,4.0,2026072900,0.0,8.0,2.0,0.3088,14318,1.0992265939712524,0.3752337694168091,0.8890209197998047,0.39085155725479126,0.61566162109375,0.0738111138343811,0.28104865550994873,0.2589961290359497,0.30089443922042847,0.19693340361118317,0.1863178014755249,0.027094634249806404,0.6702601313591003,0.10909729450941086,0.34396398067474365,0.07681521773338318,1.0,31.860445022583008,0.403972327709198,7.093169212341309,0.9928047060966492,0,0,512,1.0,0.8511045575141907,0.34059932827949524,2,26.983659645364455,0.03587188570135453,512,0.0156426561026007,0.232421875,0.29503711004154154,0.17831933498382568,0,1.0,0.0,509,0.994140625,0,1.6043855568859726,1.6139218709431589,3,0.2429141395932447,0.841796875,0.2787860252945993,1.0,0.0492338175849812,1.31473212081319,1.0,1.0,4258,8.516,5.392188549041748,2.250688549041748,0.0,2,0.357421875,358,0.716,1.0,9690,19.38,14306,28.612000000000002,1.0,0.40625,1.613841660364672,0.10452670061082249,0.5720272735125363,512,2056072941,2036072919,2046072933,-0.05,0.05,True,False,first_two_completions_per_environment,True,0.002,10,a8252c853dd0059c89cff357e8e542fc6d097ecc9ef2652768ca0ef83d8aa269,56e59da46050a16c2005cb1872632ed81d41f82b48ae5c94beaca8fea44790ec,771423e446c63b4adde46d595762c52082b344dbcead323a8e0474a11a0f4585,4519528ca0c3b2d0e537730758344c312400a1872b80ea950b541a819875687f,4a05ab762f21b3c4dc1036da0ee0db283a6bf357,b58ccd2f81fd246f27c1e8d88cf86484cd888703,/cephhome/eunikhilr/unitree_rl_mjlab_eval/fsr4x8/attempt1/fsr4x8_f_seed2_771423e446c63b4a_fc76f1b784e38c740bfd636047bd69d2b6eb2422c5680a6e028a96da9d5474dd_sampled_traces.npz,fc76f1b784e38c740bfd636047bd69d2b6eb2422c5680a6e028a96da9d5474dd,5faf070e145b44cca47e0fcb7dbcb40309c02be738f5da497b84257f32491c28,1b02843ffeb5d13c16676623ed5b232ffb697390866cee8bc2cdcf2313cd9c60,37c6d59d32cb36f69a5171c90fe92a78345b363d3ef203b9e2fc6369cdc0f285,47b0986d74675673a8c7e03a7b6d7012790d7cb10c1622bf699179f0046c3e00,gn33,2026-07-26T08:56:10+00:00,4a05ab762f21b3c4dc1036da0ee0db283a6bf357,4a05ab762f21b3c4dc1036da0ee0db283a6bf357,False,b58ccd2f81fd246f27c1e8d88cf86484cd888703,b58ccd2f81fd246f27c1e8d88cf86484cd888703,False
fsr4x8_f_seed3,/cephhome/eunikhilr/campaigns/fsr4x8_4a05ab7/unitree_rl_mjlab/logs/rsl_rl/z1_hammer/2026-07-26_09-55-46_fsr4x8_f_seed3/model_499.pt,/cephhome/eunikhilr/campaigns/fsr4x8_4a05ab7/unitree_rl_mjlab/logs/rsl_rl/z1_hammer/2026-07-26_09-55-46_fsr4x8_f_seed3/model_499.pt,c772ae0949000b01411213356031e13be9297edb1421c0fdfa72c2c32ee77c08,Unitree-Z1-Hammer-CaT-Impulse-Event-Linear,F,3,256,400,4.0,2026072900,0.0,8.0,2.0,0.3088,13883,1.056441068649292,0.5239797830581665,1.1575241088867188,0.47100165486335754,0.7047300934791565,0.11152389645576477,0.2978205680847168,0.22606432437896729,0.1821906715631485,0.13298743963241577,0.17065323889255524,0.02542705088853836,0.7058073878288269,0.10659938305616379,0.3281671404838562,0.09594155102968216,1.0,31.85685920715332,0.4097073972225189,7.311532020568848,1.1143916845321655,0,0,512,1.0,0.666289210319519,0.32934466004371643,2,26.544569809497787,0.03637480188267867,512,0.013793833211827908,0.390625,0.3000213313220751,0.23011702937739237,0,1.0,0.0,505,0.986328125,0,1.5726109554525465,1.594628621591255,7,0.2395229122764965,0.63671875,0.27589771415917513,1.0,0.04935851337894893,1.3523502094424016,1.0,0.998046875,5230,10.46,5.424695014953613,2.283195014953613,0.0,2,0.8203125,2252,4.5040000000000004,0.998046875,10754,21.508,18236,36.472,1.0,0.205078125,1.5944095231518887,0.05609603251578592,0.5389526915891163,512,2056072941,2036072919,2046072933,-0.05,0.05,True,False,first_two_completions_per_environment,True,0.002,10,a8252c853dd0059c89cff357e8e542fc6d097ecc9ef2652768ca0ef83d8aa269,56e59da46050a16c2005cb1872632ed81d41f82b48ae5c94beaca8fea44790ec,c772ae0949000b01411213356031e13be9297edb1421c0fdfa72c2c32ee77c08,4519528ca0c3b2d0e537730758344c312400a1872b80ea950b541a819875687f,4a05ab762f21b3c4dc1036da0ee0db283a6bf357,b58ccd2f81fd246f27c1e8d88cf86484cd888703,/cephhome/eunikhilr/unitree_rl_mjlab_eval/fsr4x8/attempt1/fsr4x8_f_seed3_c772ae0949000b01_9c17706c6255faebaabca91e79d088f62f9712d2fec1caed02d5f09fee747f71_sampled_traces.npz,9c17706c6255faebaabca91e79d088f62f9712d2fec1caed02d5f09fee747f71,ed79eab222bf183a44d3084982133ff2e8925c3c45df32df151ac810cba85898,1b02843ffeb5d13c16676623ed5b232ffb697390866cee8bc2cdcf2313cd9c60,37c6d59d32cb36f69a5171c90fe92a78345b363d3ef203b9e2fc6369cdc0f285,47b0986d74675673a8c7e03a7b6d7012790d7cb10c1622bf699179f0046c3e00,gn33,2026-07-26T08:57:28+00:00,4a05ab762f21b3c4dc1036da0ee0db283a6bf357,4a05ab762f21b3c4dc1036da0ee0db283a6bf357,False,b58ccd2f81fd246f27c1e8d88cf86484cd888703,b58ccd2f81fd246f27c1e8d88cf86484cd888703,False
fsr4x8_f_seed4,/cephhome/eunikhilr/campaigns/fsr4x8_4a05ab7/unitree_rl_mjlab/logs/rsl_rl/z1_hammer/2026-07-26_09-55-46_fsr4x8_f_seed4/model_499.pt,/cephhome/eunikhilr/campaigns/fsr4x8_4a05ab7/unitree_rl_mjlab/logs/rsl_rl/z1_hammer/2026-07-26_09-55-46_fsr4x8_f_seed4/model_499.pt,ce21c76bf76ce8fc8580a7b020155315de4f3a1f87d1b8f720c2efedd5d7921e,Unitree-Z1-Hammer-CaT-Impulse-Event-Linear,F,4,256,400,4.0,2026072900,0.0,8.0,2.0,0.3088,13211,1.1504772901535034,0.37988340854644775,1.0904152393341064,0.5271859169006348,0.6753562688827515,0.0836912989616394,0.2921042740345001,0.21109166741371155,0.3617996573448181,0.19459736347198486,0.1695835143327713,0.026170171797275543,0.7015105485916138,0.10923388600349426,0.3227233290672302,0.05632422864437103,1.0,31.857555389404297,0.4076569974422455,7.687987327575684,0.895521879196167,0,0,512,1.0,0.6503554582595825,0.3260650336742401,2,24.491327177097332,0.03744653290873737,512,0.01574687203847401,0.22265625,0.3108051428441736,0.2079072909222709,0,1.0,0.0,503,0.982421875,0,1.6065548760816455,1.6353609671350569,9,0.24474464757409514,0.76171875,0.28219118048283254,1.0,0.04972433801823958,1.5054123250718618,1.0,0.99609375,4760,9.520000000000001,5.542924880981445,2.401424880981445,0.0,3,0.798828125,2122,4.244,1.0,17219,34.438,24101,48.202,1.0,0.126953125,1.6353003907630268,0.03620426956089609,0.546267380982429,512,2056072941,2036072919,2046072933,-0.05,0.05,True,False,first_two_completions_per_environment,True,0.002,10,a8252c853dd0059c89cff357e8e542fc6d097ecc9ef2652768ca0ef83d8aa269,56e59da46050a16c2005cb1872632ed81d41f82b48ae5c94beaca8fea44790ec,ce21c76bf76ce8fc8580a7b020155315de4f3a1f87d1b8f720c2efedd5d7921e,4519528ca0c3b2d0e537730758344c312400a1872b80ea950b541a819875687f,4a05ab762f21b3c4dc1036da0ee0db283a6bf357,b58ccd2f81fd246f27c1e8d88cf86484cd888703,/cephhome/eunikhilr/unitree_rl_mjlab_eval/fsr4x8/attempt1/fsr4x8_f_seed4_ce21c76bf76ce8fc_423c426f5fd2a6636679a839bc8271a1aede436d0adeb157d6805564e7d2a929_sampled_traces.npz,423c426f5fd2a6636679a839bc8271a1aede436d0adeb157d6805564e7d2a929,2cf7af42ae7dc54b29f005f4ca082c168e023b7cf35e45c63484b10815352ff0,1b02843ffeb5d13c16676623ed5b232ffb697390866cee8bc2cdcf2313cd9c60,37c6d59d32cb36f69a5171c90fe92a78345b363d3ef203b9e2fc6369cdc0f285,47b0986d74675673a8c7e03a7b6d7012790d7cb10c1622bf699179f0046c3e00,gn33,2026-07-26T08:58:46+00:00,4a05ab762f21b3c4dc1036da0ee0db283a6bf357,4a05ab762f21b3c4dc1036da0ee0db283a6bf357,False,b58ccd2f81fd246f27c1e8d88cf86484cd888703,b58ccd2f81fd246f27c1e8d88cf86484cd888703,False
fsr4x8_f_seed5,/cephhome/eunikhilr/campaigns/fsr4x8_4a05ab7/unitree_rl_mjlab/logs/rsl_rl/z1_hammer/2026-07-26_09-55-46_fsr4x8_f_seed5/model_499.pt,/cephhome/eunikhilr/campaigns/fsr4x8_4a05ab7/unitree_rl_mjlab/logs/rsl_rl/z1_hammer/2026-07-26_09-55-46_fsr4x8_f_seed5/model_499.pt,0671e8289206ac311f4626cd13a6237d4ae9f1269ff923f5df69de0920a80f96,Unitree-Z1-Hammer-CaT-Impulse-Event-Linear,F,5,256,400,4.0,2026072900,0.0,8.0,2.0,0.3088,13699,1.2848005294799805,0.40169060230255127,1.2228569984436035,0.5016093254089355,0.7362465262413025,0.10665107518434525,0.3692258596420288,0.2470937818288803,0.3235061764717102,0.17461973428726196,0.22095833718776703,0.03119560144841671,0.7834149599075317,0.12259667366743088,0.34338629245758057,0.07733858376741409,1.0,31.877389907836914,0.3778378665447235,7.413679599761963,1.0458420515060425,0,0,512,1.0,0.6205672025680542,0.34604817628860474,2,25.978460215213744,0.03649428661569579,512,0.013307382247035641,0.42578125,0.30234635867683063,0.20574237108230592,0,1.0,0.0,502,0.98046875,0,1.548363565467298,1.582521399948746,10,0.23733977286037805,0.544921875,0.2738340594760738,1.0,0.04646747909444044,1.3606327195642307,1.0,0.984375,4910,9.82,5.488611221313477,2.3471112213134764,0.0,3,0.751953125,1992,3.984,1.0,13588,27.176000000000002,20490,40.980000000000004,1.0,0.31640625,1.5792074611937383,0.09414160211739876,0.5795504562179477,512,2056072941,2036072919,2046072933,-0.05,0.05,True,False,first_two_completions_per_environment,True,0.002,10,a8252c853dd0059c89cff357e8e542fc6d097ecc9ef2652768ca0ef83d8aa269,56e59da46050a16c2005cb1872632ed81d41f82b48ae5c94beaca8fea44790ec,0671e8289206ac311f4626cd13a6237d4ae9f1269ff923f5df69de0920a80f96,4519528ca0c3b2d0e537730758344c312400a1872b80ea950b541a819875687f,4a05ab762f21b3c4dc1036da0ee0db283a6bf357,b58ccd2f81fd246f27c1e8d88cf86484cd888703,/cephhome/eunikhilr/unitree_rl_mjlab_eval/fsr4x8/attempt1/fsr4x8_f_seed5_0671e8289206ac31_28396053534805ec157859ca51b181a63874422cd2836c1517405d843f697df5_sampled_traces.npz,28396053534805ec157859ca51b181a63874422cd2836c1517405d843f697df5,c1520b61222987afcda1e9961d128aef6363ed30c5187ab3fc7d9721fd667bdb,1b02843ffeb5d13c16676623ed5b232ffb697390866cee8bc2cdcf2313cd9c60,37c6d59d32cb36f69a5171c90fe92a78345b363d3ef203b9e2fc6369cdc0f285,47b0986d74675673a8c7e03a7b6d7012790d7cb10c1622bf699179f0046c3e00,gn33,2026-07-26T09:00:09+00:00,4a05ab762f21b3c4dc1036da0ee0db283a6bf357,4a05ab762f21b3c4dc1036da0ee0db283a6bf357,False,b58ccd2f81fd246f27c1e8d88cf86484cd888703,b58ccd2f81fd246f27c1e8d88cf86484cd888703,False
fsr4x8_f_seed6,/cephhome/eunikhilr/campaigns/fsr4x8_4a05ab7/unitree_rl_mjlab/logs/rsl_rl/z1_hammer/2026-07-26_09-55-47_fsr4x8_f_seed6/model_499.pt,/cephhome/eunikhilr/campaigns/fsr4x8_4a05ab7/unitree_rl_mjlab/logs/rsl_rl/z1_hammer/2026-07-26_09-55-47_fsr4x8_f_seed6/model_499.pt,869f26ac898db26ede777e3716ddd57846bf1d613dcc984d7da2e3494c7a76d8,Unitree-Z1-Hammer-CaT-Impulse-Event-Linear,F,6,256,400,4.0,2026072900,0.0,8.0,2.0,0.3088,14389,1.0584291219711304,0.40381908416748047,0.742074728012085,0.4184756577014923,0.7132658958435059,0.08757235109806061,0.22727788984775543,0.2188643217086792,0.15113940834999084,0.11740337312221527,0.14985570311546326,0.022982629016041756,0.6453835964202881,0.0880766361951828,0.3450765907764435,0.04479693993926048,1.0,31.912389755249023,0.3113279342651367,7.060323715209961,0.8128126263618469,0,0,512,1.0,0.5292712450027466,0.3454267978668213,2,18.004722038352444,0.0389850969528728,512,0.015872541442287447,0.177734375,0.32021774899046174,0.23585578302542368,0,1.0,0.0,509,0.994140625,0,1.625941594131291,1.6363632464781404,3,0.2464123444432447,0.796875,0.28539744139611745,1.0,0.02665414541955395,1.1817271063090615,1.0,1.0,4527,9.054,5.365342140197754,2.2238421401977537,0.0,2,0.533203125,502,1.004,1.0,10258,20.516000000000002,15287,30.574,1.0,0.2734375,1.6355247469454242,0.06179236811473818,1.0091843305105386,512,2056072941,2036072919,2046072933,-0.05,0.05,True,False,first_two_completions_per_environment,True,0.002,10,a8252c853dd0059c89cff357e8e542fc6d097ecc9ef2652768ca0ef83d8aa269,56e59da46050a16c2005cb1872632ed81d41f82b48ae5c94beaca8fea44790ec,869f26ac898db26ede777e3716ddd57846bf1d613dcc984d7da2e3494c7a76d8,4519528ca0c3b2d0e537730758344c312400a1872b80ea950b541a819875687f,4a05ab762f21b3c4dc1036da0ee0db283a6bf357,b58ccd2f81fd246f27c1e8d88cf86484cd888703,/cephhome/eunikhilr/unitree_rl_mjlab_eval/fsr4x8/attempt1/fsr4x8_f_seed6_869f26ac898db26e_c86523344456c8aa02616821b014fc1ee68da659e63073184c31684e5f40f08a_sampled_traces.npz,c86523344456c8aa02616821b014fc1ee68da659e63073184c31684e5f40f08a,cba56b611b944b6dc08dcb6de17d8abbd6f4af3f5022f87d336e60941041f2cd,1b02843ffeb5d13c16676623ed5b232ffb697390866cee8bc2cdcf2313cd9c60,37c6d59d32cb36f69a5171c90fe92a78345b363d3ef203b9e2fc6369cdc0f285,47b0986d74675673a8c7e03a7b6d7012790d7cb10c1622bf699179f0046c3e00,gn33,2026-07-26T09:01:29+00:00,4a05ab762f21b3c4dc1036da0ee0db283a6bf357,4a05ab762f21b3c4dc1036da0ee0db283a6bf357,False,b58ccd2f81fd246f27c1e8d88cf86484cd888703,b58ccd2f81fd246f27c1e8d88cf86484cd888703,False
fsr4x8_f_seed7,/cephhome/eunikhilr/campaigns/fsr4x8_4a05ab7/unitree_rl_mjlab/logs/rsl_rl/z1_hammer/2026-07-26_09-55-47_fsr4x8_f_seed7/model_499.pt,/cephhome/eunikhilr/campaigns/fsr4x8_4a05ab7/unitree_rl_mjlab/logs/rsl_rl/z1_hammer/2026-07-26_09-55-47_fsr4x8_f_seed7/model_499.pt,664f995b18a6f32b57639b406ed103ca6bc3e567dd713f461df7361ac554bc6e,Unitree-Z1-Hammer-CaT-Impulse-Event-Linear,F,7,256,400,4.0,2026072900,0.0,8.0,2.0,0.3088,13588,1.2529430389404297,0.5338927507400513,1.0946428775787354,0.4845523238182068,0.74799644947052,0.08196058869361877,0.5279629230499268,0.28781676292419434,0.42523765563964844,0.22595994174480438,0.3101828694343567,0.0338357575237751,0.7639896869659424,0.13053373992443085,0.3628155589103699,0.12489613145589828,1.0,31.855632781982422,0.4110872149467468,7.472990989685059,1.134026050567627,0,0,512,1.0,0.5372359752655029,0.35701391100883484,2,25.53631339914483,0.03746654332368504,512,0.014991072502175334,0.318359375,0.30933257339617953,0.2362943266828855,0,1.0,0.0,506,0.98828125,0,1.5826109927147627,1.6028208015486598,6,0.24042551143903973,0.689453125,0.27789205476272477,1.0,0.0462631711873646,1.3741537722077388,1.0,1.0,5045,10.09,5.381412982940674,2.2399129829406736,0.0,2,0.728515625,1858,3.716,1.0,12691,25.382,19594,39.188,1.0,0.3046875,1.6013771309682974,0.09373489492123961,0.5403388143792917,512,2056072941,2036072919,2046072933,-0.05,0.05,True,False,first_two_completions_per_environment,True,0.002,10,a8252c853dd0059c89cff357e8e542fc6d097ecc9ef2652768ca0ef83d8aa269,56e59da46050a16c2005cb1872632ed81d41f82b48ae5c94beaca8fea44790ec,664f995b18a6f32b57639b406ed103ca6bc3e567dd713f461df7361ac554bc6e,4519528ca0c3b2d0e537730758344c312400a1872b80ea950b541a819875687f,4a05ab762f21b3c4dc1036da0ee0db283a6bf357,b58ccd2f81fd246f27c1e8d88cf86484cd888703,/cephhome/eunikhilr/unitree_rl_mjlab_eval/fsr4x8/attempt1/fsr4x8_f_seed7_664f995b18a6f32b_01f1e6c505855ceafeb83f2865c523c586fc326ec9da85a9b0bd1d81713f2351_sampled_traces.npz,01f1e6c505855ceafeb83f2865c523c586fc326ec9da85a9b0bd1d81713f2351,2d02f6cf4e7d31f552259c636732bcfa73db5ed58c3ab06566671a7f326085dd,1b02843ffeb5d13c16676623ed5b232ffb697390866cee8bc2cdcf2313cd9c60,37c6d59d32cb36f69a5171c90fe92a78345b363d3ef203b9e2fc6369cdc0f285,47b0986d74675673a8c7e03a7b6d7012790d7cb10c1622bf699179f0046c3e00,gn33,2026-07-26T09:02:54+00:00,4a05ab762f21b3c4dc1036da0ee0db283a6bf357,4a05ab762f21b3c4dc1036da0ee0db283a6bf357,False,b58ccd2f81fd246f27c1e8d88cf86484cd888703,b58ccd2f81fd246f27c1e8d88cf86484cd888703,False
fsr4x8_e_seed0,/cephhome/eunikhilr/campaigns/fsr4x8_4a05ab7/unitree_rl_mjlab/logs/rsl_rl/z1_hammer/2026-07-26_09-55-47_fsr4x8_e_seed0/model_499.pt,/cephhome/eunikhilr/campaigns/fsr4x8_4a05ab7/unitree_rl_mjlab/logs/rsl_rl/z1_hammer/2026-07-26_09-55-47_fsr4x8_e_seed0/model_499.pt,62a9880343d31a5577103191a638ce39063a0d6d8c283c66e1c5e5d7ea51e7f4,Unitree-Z1-Hammer-CaT-Impulse-Event,E,0,256,400,4.0,2026072900,0.0,8.0,2.0,0.3088,14527,0.828816831111908,0.43894851207733154,0.9579288959503174,0.4579634368419647,0.47404131293296814,0.07118915766477585,0.25305798649787903,0.22581420838832855,0.14084438979625702,0.1151377409696579,0.16061435639858246,0.020335834473371506,0.584102988243103,0.0986158475279808,0.33305269479751587,0.055680710822343826,1.0,31.89777374267578,0.3474844694137573,6.99304723739624,0.9388687014579773,0,0,512,1.0,0.6038703918457031,0.344063401222229,2,27.211611783855666,0.035440266587428465,512,0.016510231256980305,0.134765625,0.29692523548100874,0.20529845356941223,0,1.0,0.36328125,508,0.9921875,0,1.6111381624359637,1.6248532626777887,4,0.24479740793634952,0.923828125,0.280237674523778,1.0,0.03324244644775274,1.2434803277613613,1.0,1.0,5101,10.202,5.455925464630127,2.3144254646301268,0.0,2,0.603515625,739,1.478,1.0,7744,15.488,13584,27.168,1.0,0.40625,1.623824289699239,0.1102396147188896,0.7210869061610314,512,2056072941,2036072919,2046072933,-0.05,0.05,True,False,first_two_completions_per_environment,True,0.002,10,a8252c853dd0059c89cff357e8e542fc6d097ecc9ef2652768ca0ef83d8aa269,56e59da46050a16c2005cb1872632ed81d41f82b48ae5c94beaca8fea44790ec,62a9880343d31a5577103191a638ce39063a0d6d8c283c66e1c5e5d7ea51e7f4,4519528ca0c3b2d0e537730758344c312400a1872b80ea950b541a819875687f,4a05ab762f21b3c4dc1036da0ee0db283a6bf357,b58ccd2f81fd246f27c1e8d88cf86484cd888703,/cephhome/eunikhilr/unitree_rl_mjlab_eval/fsr4x8/attempt1/fsr4x8_e_seed0_62a9880343d31a55_ce3c2a44e9e3ba2116ee9b1fe6c724b1687d071bb1034afd2dc37935c04a35f9_sampled_traces.npz,ce3c2a44e9e3ba2116ee9b1fe6c724b1687d071bb1034afd2dc37935c04a35f9,89a4af8ca246220704a1177f0dbadaba210001daad1c6b3b98feec1764de1589,1b02843ffeb5d13c16676623ed5b232ffb697390866cee8bc2cdcf2313cd9c60,dd89b832cba73b197924aa39564bfcfa99286a6b52a308c55ca6d3797aca29c0,47b0986d74675673a8c7e03a7b6d7012790d7cb10c1622bf699179f0046c3e00,gn33,2026-07-26T09:04:20+00:00,4a05ab762f21b3c4dc1036da0ee0db283a6bf357,4a05ab762f21b3c4dc1036da0ee0db283a6bf357,False,b58ccd2f81fd246f27c1e8d88cf86484cd888703,b58ccd2f81fd246f27c1e8d88cf86484cd888703,False
fsr4x8_e_seed1,/cephhome/eunikhilr/campaigns/fsr4x8_4a05ab7/unitree_rl_mjlab/logs/rsl_rl/z1_hammer/2026-07-26_09-55-45_fsr4x8_e_seed1/model_499.pt,/cephhome/eunikhilr/campaigns/fsr4x8_4a05ab7/unitree_rl_mjlab/logs/rsl_rl/z1_hammer/2026-07-26_09-55-45_fsr4x8_e_seed1/model_499.pt,e74badba38df680480a0d7f2f89cadc75610fc7e647572f42714d2ce2f736712,Unitree-Z1-Hammer-CaT-Impulse-Event,E,1,256,400,4.0,2026072900,0.0,8.0,2.0,0.3088,14420,1.3116412162780762,0.3669049143791199,0.9157918691635132,0.3445042669773102,0.8720102906227112,0.048822298645973206,0.23370517790317535,0.22047223150730133,0.17642514407634735,0.13532157242298126,0.15597878396511078,0.01898333616554737,0.7997812628746033,0.0966855064034462,0.32489246129989624,0.055424533784389496,1.0,31.878328323364258,0.37590357661247253,7.045839309692383,0.9420661926269531,0,0,512,1.0,0.7372334003448486,0.3292282521724701,2,24.961024821355917,0.03537780673984861,512,0.016993944848611817,0.173828125,0.29644928881350685,0.2191251739859581,0,1.0,0.3359375,510,0.99609375,0,1.6067713007796556,1.6130334555637091,2,0.2429132770109082,0.88671875,0.27829108375075684,1.0,0.04926690432092738,1.2898124004039986,1.0,0.998046875,4205,8.41,5.438625335693359,2.297125335693359,0.0,2,0.302734375,276,0.552,1.0,7620,15.24,12101,24.202,1.0,0.31640625,1.6130723647042817,0.07382576136649323,0.5740336399327682,512,2056072941,2036072919,2046072933,-0.05,0.05,True,False,first_two_completions_per_environment,True,0.002,10,a8252c853dd0059c89cff357e8e542fc6d097ecc9ef2652768ca0ef83d8aa269,56e59da46050a16c2005cb1872632ed81d41f82b48ae5c94beaca8fea44790ec,e74badba38df680480a0d7f2f89cadc75610fc7e647572f42714d2ce2f736712,4519528ca0c3b2d0e537730758344c312400a1872b80ea950b541a819875687f,4a05ab762f21b3c4dc1036da0ee0db283a6bf357,b58ccd2f81fd246f27c1e8d88cf86484cd888703,/cephhome/eunikhilr/unitree_rl_mjlab_eval/fsr4x8/attempt1/fsr4x8_e_seed1_e74badba38df6804_6844292ad559ca483a8e9b2c953639bc5e7a7fcc48c396a42595c216a08d8712_sampled_traces.npz,6844292ad559ca483a8e9b2c953639bc5e7a7fcc48c396a42595c216a08d8712,96184f14cb2dec2862e4b7aa50b44e0f42eb62bbc22df309bc4f8cd1b04f0acd,1b02843ffeb5d13c16676623ed5b232ffb697390866cee8bc2cdcf2313cd9c60,dd89b832cba73b197924aa39564bfcfa99286a6b52a308c55ca6d3797aca29c0,47b0986d74675673a8c7e03a7b6d7012790d7cb10c1622bf699179f0046c3e00,gn33,2026-07-26T09:05:39+00:00,4a05ab762f21b3c4dc1036da0ee0db283a6bf357,4a05ab762f21b3c4dc1036da0ee0db283a6bf357,False,b58ccd2f81fd246f27c1e8d88cf86484cd888703,b58ccd2f81fd246f27c1e8d88cf86484cd888703,False
fsr4x8_e_seed2,/cephhome/eunikhilr/campaigns/fsr4x8_4a05ab7/unitree_rl_mjlab/logs/rsl_rl/z1_hammer/2026-07-26_09-55-45_fsr4x8_e_seed2/model_499.pt,/cephhome/eunikhilr/campaigns/fsr4x8_4a05ab7/unitree_rl_mjlab/logs/rsl_rl/z1_hammer/2026-07-26_09-55-45_fsr4x8_e_seed2/model_499.pt,6721ce093a0c65794ae0f510d7a49ae47363d76e0820149728c7490c668fbf16,Unitree-Z1-Hammer-CaT-Impulse-Event,E,2,256,400,4.0,2026072900,0.0,8.0,2.0,0.3088,14531,0.9013872146606445,0.40987884998321533,1.1189637184143066,0.43652915954589844,0.6039923429489136,0.09006630629301071,0.3465519845485687,0.2970973253250122,0.19267845153808594,0.15608461201190948,0.22914478182792664,0.021375246345996857,0.6822949647903442,0.10978856682777405,0.3984081447124481,0.09950052201747894,1.0,31.90346336364746,0.3368149995803833,6.993186950683594,0.9076536893844604,0,0,512,1.0,0.5521788597106934,0.40070870518684387,2,23.707034688060453,0.03574027185618646,512,0.015633822204749,0.212890625,0.2993147892110488,0.22109925746917725,0,1.0,0.36328125,510,0.99609375,0,1.6101447469554842,1.6172575047239661,2,0.24362011507338469,0.87890625,0.2793603869295711,1.0,0.02476862310840211,1.1460881767414244,1.0,1.0,5158,10.316,5.405914306640625,2.264414306640625,0.0,2,0.6640625,884,1.768,1.0,8186,16.372,14228,28.456,1.0,0.6015625,1.6164590400807999,0.20382921137415477,1.091084845704633,512,2056072941,2036072919,2046072933,-0.05,0.05,True,False,first_two_completions_per_environment,True,0.002,10,a8252c853dd0059c89cff357e8e542fc6d097ecc9ef2652768ca0ef83d8aa269,56e59da46050a16c2005cb1872632ed81d41f82b48ae5c94beaca8fea44790ec,6721ce093a0c65794ae0f510d7a49ae47363d76e0820149728c7490c668fbf16,4519528ca0c3b2d0e537730758344c312400a1872b80ea950b541a819875687f,4a05ab762f21b3c4dc1036da0ee0db283a6bf357,b58ccd2f81fd246f27c1e8d88cf86484cd888703,/cephhome/eunikhilr/unitree_rl_mjlab_eval/fsr4x8/attempt1/fsr4x8_e_seed2_6721ce093a0c6579_ed71abe58b479e32b8e7466b0cf8f7c31162268892fad563f7cf25a6f40713f2_sampled_traces.npz,ed71abe58b479e32b8e7466b0cf8f7c31162268892fad563f7cf25a6f40713f2,bcf4e8b0cf5ed53ace53023cbce355bb678ae8d90a2190646c80538d65e78689,1b02843ffeb5d13c16676623ed5b232ffb697390866cee8bc2cdcf2313cd9c60,dd89b832cba73b197924aa39564bfcfa99286a6b52a308c55ca6d3797aca29c0,47b0986d74675673a8c7e03a7b6d7012790d7cb10c1622bf699179f0046c3e00,gn33,2026-07-26T09:07:02+00:00,4a05ab762f21b3c4dc1036da0ee0db283a6bf357,4a05ab762f21b3c4dc1036da0ee0db283a6bf357,False,b58ccd2f81fd246f27c1e8d88cf86484cd888703,b58ccd2f81fd246f27c1e8d88cf86484cd888703,False
fsr4x8_e_seed3,/cephhome/eunikhilr/campaigns/fsr4x8_4a05ab7/unitree_rl_mjlab/logs/rsl_rl/z1_hammer/2026-07-26_09-55-44_fsr4x8_e_seed3/model_499.pt,/cephhome/eunikhilr/campaigns/fsr4x8_4a05ab7/unitree_rl_mjlab/logs/rsl_rl/z1_hammer/2026-07-26_09-55-44_fsr4x8_e_seed3/model_499.pt,a563ef222509f8c2d33dd307ac8d6248c2ce9dffaabe904177289035f9d7f8e7,Unitree-Z1-Hammer-CaT-Impulse-Event,E,3,256,400,4.0,2026072900,0.0,8.0,2.0,0.3088,12224,1.2236566543579102,0.3728177845478058,0.9962073564529419,0.4479047656059265,0.6689029932022095,0.0928296446800232,0.3116743862628937,0.23157744109630585,0.3536081612110138,0.19171570241451263,0.1828058362007141,0.025997407734394073,0.7461321353912354,0.11737142503261566,0.32873332500457764,0.07266435027122498,1.0,31.859682083129883,0.40718889236450195,8.297202110290527,1.2161900997161865,0,0,512,1.0,0.7326745390892029,0.33936119079589844,2,26.14049893479457,0.03477473225719678,512,0.013620869336033129,0.388671875,0.3056800223019228,0.193254611321858,0,1.0,0.48046875,498,0.97265625,0,1.5420974264852703,1.5858000295702368,14,0.23586769677841685,0.572265625,0.27064242903561364,1.0,0.06932490524062351,1.6115612985006296,1.0,0.998046875,4467,8.934000000000001,5.648006916046143,2.5065069160461424,0.0,3,0.662109375,1369,2.738,1.0,22362,44.724000000000004,28198,56.396,1.0,0.21875,1.585449562972808,0.07353696771847465,0.43142777494870804,512,2056072941,2036072919,2046072933,-0.05,0.05,True,False,first_two_completions_per_environment,True,0.002,10,a8252c853dd0059c89cff357e8e542fc6d097ecc9ef2652768ca0ef83d8aa269,56e59da46050a16c2005cb1872632ed81d41f82b48ae5c94beaca8fea44790ec,a563ef222509f8c2d33dd307ac8d6248c2ce9dffaabe904177289035f9d7f8e7,4519528ca0c3b2d0e537730758344c312400a1872b80ea950b541a819875687f,4a05ab762f21b3c4dc1036da0ee0db283a6bf357,b58ccd2f81fd246f27c1e8d88cf86484cd888703,/cephhome/eunikhilr/unitree_rl_mjlab_eval/fsr4x8/attempt1/fsr4x8_e_seed3_a563ef222509f8c2_7fa5fd9bc3476645957fab3c371200193de438df6266602823e32c1d6c5510a0_sampled_traces.npz,7fa5fd9bc3476645957fab3c371200193de438df6266602823e32c1d6c5510a0,4ed90f79e889794cd96795ebc7d4c27899eed437086b992dde7359e988d929f8,1b02843ffeb5d13c16676623ed5b232ffb697390866cee8bc2cdcf2313cd9c60,dd89b832cba73b197924aa39564bfcfa99286a6b52a308c55ca6d3797aca29c0,47b0986d74675673a8c7e03a7b6d7012790d7cb10c1622bf699179f0046c3e00,gn33,2026-07-26T09:08:19+00:00,4a05ab762f21b3c4dc1036da0ee0db283a6bf357,4a05ab762f21b3c4dc1036da0ee0db283a6bf357,False,b58ccd2f81fd246f27c1e8d88cf86484cd888703,b58ccd2f81fd246f27c1e8d88cf86484cd888703,False
fsr4x8_e_seed4,/cephhome/eunikhilr/campaigns/fsr4x8_4a05ab7/unitree_rl_mjlab/logs/rsl_rl/z1_hammer/2026-07-26_09-55-44_fsr4x8_e_seed4/model_499.pt,/cephhome/eunikhilr/campaigns/fsr4x8_4a05ab7/unitree_rl_mjlab/logs/rsl_rl/z1_hammer/2026-07-26_09-55-44_fsr4x8_e_seed4/model_499.pt,b9f0739acd6916733cc6d810f49c2105b1ce15f590db631874c439839e343601,Unitree-Z1-Hammer-CaT-Impulse-Event,E,4,256,400,4.0,2026072900,0.0,8.0,2.0,0.3088,13911,1.2781482934951782,0.46322906017303467,1.0591576099395752,0.4471132755279541,0.6962795257568359,0.09897810220718384,0.37808001041412354,0.2686704397201538,0.3128628432750702,0.18045271933078766,0.2147291898727417,0.023958222940564156,0.7793587446212769,0.12085361033678055,0.3516402542591095,0.08625603467226028,1.0,31.876602172851562,0.38190630078315735,7.30040979385376,0.9267022013664246,0,0,512,1.0,0.5936805009841919,0.3497890830039978,2,24.63856067583078,0.035995776233908344,512,0.014619739744105697,0.27734375,0.31071272969597213,0.2373704214890798,0,1.0,0.521484375,509,0.994140625,0,1.5991708349902183,1.6089377528987825,3,0.24161653287976592,0.69140625,0.2776123091136743,1.0,0.04311583421278668,1.3530060083128022,1.0,0.982421875,4584,9.168000000000001,5.429266929626465,2.2877669296264647,0.0,3,0.73828125,1768,3.536,1.0,13371,26.742,19723,39.446,1.0,0.279296875,1.6085962033693355,0.0806097677421383,0.6190917290246224,512,2056072941,2036072919,2046072933,-0.05,0.05,True,False,first_two_completions_per_environment,True,0.002,10,a8252c853dd0059c89cff357e8e542fc6d097ecc9ef2652768ca0ef83d8aa269,56e59da46050a16c2005cb1872632ed81d41f82b48ae5c94beaca8fea44790ec,b9f0739acd6916733cc6d810f49c2105b1ce15f590db631874c439839e343601,4519528ca0c3b2d0e537730758344c312400a1872b80ea950b541a819875687f,4a05ab762f21b3c4dc1036da0ee0db283a6bf357,b58ccd2f81fd246f27c1e8d88cf86484cd888703,/cephhome/eunikhilr/unitree_rl_mjlab_eval/fsr4x8/attempt1/fsr4x8_e_seed4_b9f0739acd691673_f88e0264f657d891b95d3d51f3b42a1b272886f60fd905ffde98f4b47c5e83f2_sampled_traces.npz,f88e0264f657d891b95d3d51f3b42a1b272886f60fd905ffde98f4b47c5e83f2,d858686053c7df756780c037cdb45dbebc265e5a7d2f8911377a580b927487b6,1b02843ffeb5d13c16676623ed5b232ffb697390866cee8bc2cdcf2313cd9c60,dd89b832cba73b197924aa39564bfcfa99286a6b52a308c55ca6d3797aca29c0,47b0986d74675673a8c7e03a7b6d7012790d7cb10c1622bf699179f0046c3e00,gn33,2026-07-26T09:09:39+00:00,4a05ab762f21b3c4dc1036da0ee0db283a6bf357,4a05ab762f21b3c4dc1036da0ee0db283a6bf357,False,b58ccd2f81fd246f27c1e8d88cf86484cd888703,b58ccd2f81fd246f27c1e8d88cf86484cd888703,False
fsr4x8_e_seed5,/cephhome/eunikhilr/campaigns/fsr4x8_4a05ab7/unitree_rl_mjlab/logs/rsl_rl/z1_hammer/2026-07-26_09-55-44_fsr4x8_e_seed5/model_499.pt,/cephhome/eunikhilr/campaigns/fsr4x8_4a05ab7/unitree_rl_mjlab/logs/rsl_rl/z1_hammer/2026-07-26_09-55-44_fsr4x8_e_seed5/model_499.pt,03537245167ba12d63c4864da27b3af7ac634bc5422f556fe8bb4134c3b16613,Unitree-Z1-Hammer-CaT-Impulse-Event,E,5,256,400,4.0,2026072900,0.0,8.0,2.0,0.3088,13038,1.0594278573989868,0.45281773805618286,1.1576346158981323,0.5111852288246155,0.660479724407196,0.07785413414239883,0.39465877413749695,0.23476505279541016,0.362072229385376,0.1919133961200714,0.2338179349899292,0.02550422213971615,0.7058748006820679,0.11829787492752075,0.33040207624435425,0.07602398842573166,1.0,31.871200561523438,0.38400891423225403,7.781791687011719,1.046960473060608,0,0,512,1.0,0.5862426161766052,0.34339380264282227,2,26.393218500775887,0.035197132094663575,512,0.01541148854699277,0.26171875,0.30993704503908726,0.19371262646239737,0,1.0,0.515625,489,0.955078125,0,1.5250191113445908,1.604503134265542,23,0.23995350142909516,0.716796875,0.2751506335237588,1.0,0.052585791932504025,1.513238990795788,1.0,0.9765625,4700,9.4,5.429815292358398,2.2883152923583983,0.0,2,0.76171875,2098,4.196,1.0,17329,34.658,24127,48.254,1.0,0.2109375,1.5967480266021072,0.0722659527653238,0.502714022620034,512,2056072941,2036072919,2046072933,-0.05,0.05,True,False,first_two_completions_per_environment,True,0.002,10,a8252c853dd0059c89cff357e8e542fc6d097ecc9ef2652768ca0ef83d8aa269,56e59da46050a16c2005cb1872632ed81d41f82b48ae5c94beaca8fea44790ec,03537245167ba12d63c4864da27b3af7ac634bc5422f556fe8bb4134c3b16613,4519528ca0c3b2d0e537730758344c312400a1872b80ea950b541a819875687f,4a05ab762f21b3c4dc1036da0ee0db283a6bf357,b58ccd2f81fd246f27c1e8d88cf86484cd888703,/cephhome/eunikhilr/unitree_rl_mjlab_eval/fsr4x8/attempt1/fsr4x8_e_seed5_03537245167ba12d_7a779962c291933d103577c767cc7fd3a23bde19af2c2d85a3e6ad9750e381bb_sampled_traces.npz,7a779962c291933d103577c767cc7fd3a23bde19af2c2d85a3e6ad9750e381bb,b7a3a84a49648e7482813ae368d1aa9bf2e65cd5d61e7a6c41f37c6fd99a9d96,1b02843ffeb5d13c16676623ed5b232ffb697390866cee8bc2cdcf2313cd9c60,dd89b832cba73b197924aa39564bfcfa99286a6b52a308c55ca6d3797aca29c0,47b0986d74675673a8c7e03a7b6d7012790d7cb10c1622bf699179f0046c3e00,gn33,2026-07-26T09:10:57+00:00,4a05ab762f21b3c4dc1036da0ee0db283a6bf357,4a05ab762f21b3c4dc1036da0ee0db283a6bf357,False,b58ccd2f81fd246f27c1e8d88cf86484cd888703,b58ccd2f81fd246f27c1e8d88cf86484cd888703,False
fsr4x8_e_seed6,/cephhome/eunikhilr/campaigns/fsr4x8_4a05ab7/unitree_rl_mjlab/logs/rsl_rl/z1_hammer/2026-07-26_09-55-44_fsr4x8_e_seed6/model_499.pt,/cephhome/eunikhilr/campaigns/fsr4x8_4a05ab7/unitree_rl_mjlab/logs/rsl_rl/z1_hammer/2026-07-26_09-55-44_fsr4x8_e_seed6/model_499.pt,18225b4cf2e899ba2c0cc4296a671aba8d01b3e60d5d78e24ea721896478f0a5,Unitree-Z1-Hammer-CaT-Impulse-Event,E,6,256,400,4.0,2026072900,0.0,8.0,2.0,0.3088,14370,0.9097722768783569,0.42755693197250366,0.9538781642913818,0.4073661267757416,0.5316856503486633,0.07575763016939163,0.21437133848667145,0.25459766387939453,0.10174158215522766,0.10096482187509537,0.14491641521453857,0.015761848539114,0.5816330313682556,0.08633197844028473,0.3643260896205902,0.07427699118852615,1.0,31.915855407714844,0.3128752112388611,7.068963050842285,0.8243567943572998,0,0,512,1.0,0.5229336619377136,0.36450180411338806,2,20.64867852475799,0.03611665547760454,512,0.01627398019583413,0.12890625,0.30902628516031105,0.28281304240226746,0,1.0,0.533203125,511,0.998046875,0,1.6189840554725379,1.622435522498563,1,0.24430038930047648,0.8515625,0.280417044778081,1.0,0.026270033033307702,1.1803406912169898,1.0,1.0,5057,10.114,5.425583362579346,2.2840833625793455,0.0,2,0.84765625,1836,3.672,1.0,9194,18.388,16087,32.174,1.0,0.373046875,1.6221523217259088,0.11616813131883078,1.051446777214602,512,2056072941,2036072919,2046072933,-0.05,0.05,True,False,first_two_completions_per_environment,True,0.002,10,a8252c853dd0059c89cff357e8e542fc6d097ecc9ef2652768ca0ef83d8aa269,56e59da46050a16c2005cb1872632ed81d41f82b48ae5c94beaca8fea44790ec,18225b4cf2e899ba2c0cc4296a671aba8d01b3e60d5d78e24ea721896478f0a5,4519528ca0c3b2d0e537730758344c312400a1872b80ea950b541a819875687f,4a05ab762f21b3c4dc1036da0ee0db283a6bf357,b58ccd2f81fd246f27c1e8d88cf86484cd888703,/cephhome/eunikhilr/unitree_rl_mjlab_eval/fsr4x8/attempt1/fsr4x8_e_seed6_18225b4cf2e899ba_2d6d971a91f7138cfba2b06ac5856a962fe702cbc9c37c25b8c61763ae8e2547_sampled_traces.npz,2d6d971a91f7138cfba2b06ac5856a962fe702cbc9c37c25b8c61763ae8e2547,1f13dd3e48d31f8d5463cd23e06090593727e1938c93012387397a59416c1a12,1b02843ffeb5d13c16676623ed5b232ffb697390866cee8bc2cdcf2313cd9c60,dd89b832cba73b197924aa39564bfcfa99286a6b52a308c55ca6d3797aca29c0,47b0986d74675673a8c7e03a7b6d7012790d7cb10c1622bf699179f0046c3e00,gn33,2026-07-26T09:12:17+00:00,4a05ab762f21b3c4dc1036da0ee0db283a6bf357,4a05ab762f21b3c4dc1036da0ee0db283a6bf357,False,b58ccd2f81fd246f27c1e8d88cf86484cd888703,b58ccd2f81fd246f27c1e8d88cf86484cd888703,False
fsr4x8_e_seed7,/cephhome/eunikhilr/campaigns/fsr4x8_4a05ab7/unitree_rl_mjlab/logs/rsl_rl/z1_hammer/2026-07-26_09-55-44_fsr4x8_e_seed7/model_499.pt,/cephhome/eunikhilr/campaigns/fsr4x8_4a05ab7/unitree_rl_mjlab/logs/rsl_rl/z1_hammer/2026-07-26_09-55-44_fsr4x8_e_seed7/model_499.pt,76b27b370f997281aba214c5e21189bc8baec2c9ca406f949ff8f7390d3b3486,Unitree-Z1-Hammer-CaT-Impulse-Event,E,7,256,400,4.0,2026072900,0.0,8.0,2.0,0.3088,13670,1.0734562873840332,0.47868216037750244,0.9850245714187622,0.4867525100708008,0.6760093569755554,0.0794672891497612,0.47237321734428406,0.31337422132492065,0.49265626072883606,0.2684841454029083,0.26832374930381775,0.02797212451696396,0.6545464992523193,0.13982373476028442,0.3578927218914032,0.10290654748678207,1.0,31.88398551940918,0.3699656128883362,7.4316020011901855,1.0011898279190063,0,0,512,1.0,0.5527951121330261,0.34919214248657227,2,26.523597157646535,0.03526966062271551,512,0.012496095613776712,0.5,0.3023702701226729,0.25098217129707334,0,1.0,0.443359375,507,0.990234375,0,1.5433130592573434,1.5575194756966084,5,0.23369836083155762,0.455078125,0.2689680214542731,1.0,0.04357586445254278,1.3312664572609272,1.0,0.998046875,4416,8.832,5.422270774841309,2.2807707748413084,0.0,2,0.541015625,750,1.5,1.0,12310,24.62,17476,34.952,1.0,0.296875,1.5585331091514,0.09691097651629266,0.4820734017595154,512,2056072941,2036072919,2046072933,-0.05,0.05,True,False,first_two_completions_per_environment,True,0.002,10,a8252c853dd0059c89cff357e8e542fc6d097ecc9ef2652768ca0ef83d8aa269,56e59da46050a16c2005cb1872632ed81d41f82b48ae5c94beaca8fea44790ec,76b27b370f997281aba214c5e21189bc8baec2c9ca406f949ff8f7390d3b3486,4519528ca0c3b2d0e537730758344c312400a1872b80ea950b541a819875687f,4a05ab762f21b3c4dc1036da0ee0db283a6bf357,b58ccd2f81fd246f27c1e8d88cf86484cd888703,/cephhome/eunikhilr/unitree_rl_mjlab_eval/fsr4x8/attempt1/fsr4x8_e_seed7_76b27b370f997281_5abcf9c64eb7ee375cf339e741d6ae1d4d8244b7cf1603698a14188785ba54a0_sampled_traces.npz,5abcf9c64eb7ee375cf339e741d6ae1d4d8244b7cf1603698a14188785ba54a0,4bf5fad8366048afd2a1dc59487fc3cb7e328d1be4f5b95dc7f13fd4beedf9ff,1b02843ffeb5d13c16676623ed5b232ffb697390866cee8bc2cdcf2313cd9c60,dd89b832cba73b197924aa39564bfcfa99286a6b52a308c55ca6d3797aca29c0,47b0986d74675673a8c7e03a7b6d7012790d7cb10c1622bf699179f0046c3e00,gn33,2026-07-26T09:13:38+00:00,4a05ab762f21b3c4dc1036da0ee0db283a6bf357,4a05ab762f21b3c4dc1036da0ee0db283a6bf357,False,b58ccd2f81fd246f27c1e8d88cf86484cd888703,b58ccd2f81fd246f27c1e8d88cf86484cd888703,False
